user_id,age,age_group,annual_income,monthly_income,disposable_income,income_bracket,risk_tolerance,investment_goal,signup_date,kyc_status,account_type,is_active
1,41,millennial,55717,4643.08,1265.01,lower_middle,moderate,major_purchase,2025-12-25,verified,joint,True
2,66,boomer,47355,3946.25,1043.68,lower_middle,moderate,major_purchase,2024-10-20,verified,individual,True
3,45,gen_x,139233,11602.75,3799.38,upper_middle,moderate,wealth_building,2025-04-13,verified,individual,True
4,50,gen_x,145505,12125.42,5727.46,upper_middle,moderate,retirement,2025-03-08,verified,individual,True
5,24,gen_z,75350,6279.17,2211.01,middle,aggressive,retirement,2026-03-03,verified,individual,True
6,22,gen_z,130622,10885.17,2790.7,upper_middle,moderate,retirement,2026-01-20,pending,individual,False
7,18,gen_z,135323,11276.92,2515.78,upper_middle,moderate,retirement,2026-06-20,rejected,individual,False
8,65,boomer,22951,1912.58,781.95,low,conservative,emergency_fund,2024-12-02,verified,custodial,True
9,47,gen_x,82622,6885.17,2167.72,middle,moderate,wealth_building,2025-07-25,verified,joint,True
10,48,gen_x,44727,3727.25,1664.4,lower_middle,moderate,wealth_building,2024-10-23,pending,individual,False
11,25,gen_z,60349,5029.08,2000.84,lower_middle,conservative,retirement,2025-03-05,verified,joint,True
12,64,boomer,138454,11537.83,5063.64,upper_middle,conservative,major_purchase,2025-09-22,verified,individual,True
13,66,boomer,88782,7398.5,2083.3,middle,moderate,emergency_fund,2024-10-21,verified,individual,True
14,35,millennial,93454,7787.83,3175.16,middle,moderate,retirement,2025-02-19,verified,individual,True
15,19,gen_z,42368,3530.67,985.83,lower_middle,moderate,major_purchase,2026-01-01,verified,joint,True
16,18,gen_z,55592,4632.67,2231.65,lower_middle,conservative,retirement,2025-10-20,verified,individual,True
17,38,millennial,62173,5181.08,2025.35,lower_middle,moderate,wealth_building,2025-03-06,verified,individual,True
18,41,millennial,40436,3369.67,1001.98,lower_middle,conservative,major_purchase,2025-11-20,verified,individual,True
19,37,millennial,99324,8277.0,2324.62,middle,moderate,retirement,2026-04-23,verified,individual,True
20,36,millennial,63954,5329.5,1371.16,lower_middle,conservative,wealth_building,2024-10-07,verified,individual,True
21,51,gen_x,88864,7405.33,3024.28,middle,conservative,emergency_fund,2026-04-20,verified,joint,True
22,22,gen_z,35061,2921.75,776.06,low,conservative,retirement,2026-02-04,verified,individual,True
23,36,millennial,30576,2548.0,964.65,low,moderate,retirement,2025-05-29,verified,individual,True
24,41,millennial,56566,4713.83,1317.0,lower_middle,conservative,retirement,2025-01-19,pending,individual,False
25,36,millennial,72190,6015.83,2397.86,middle,moderate,wealth_building,2026-08-05,pending,individual,False
26,49,gen_x,88071,7339.25,3262.16,middle,moderate,retirement,2025-05-26,verified,individual,True
27,18,gen_z,80369,6697.42,2902.71,middle,moderate,wealth_building,2024-12-07,verified,individual,True
29,52,gen_x,101589,8465.75,2169.91,upper_middle,aggressive,retirement,2026-05-20,verified,individual,True
30,22,gen_z,20159,1679.92,380.53,low,conservative,wealth_building,2025-11-30,rejected,individual,False
31,48,gen_x,52145,4345.42,1780.25,lower_middle,moderate,emergency_fund,2026-04-21,pending,individual,False
32,19,gen_z,115373,9614.42,2985.32,upper_middle,conservative,emergency_fund,2026-02-26,verified,individual,True
34,63,boomer,46555,3879.58,812.17,lower_middle,moderate,retirement,2026-08-16,verified,custodial,True
36,67,boomer,141971,11830.92,2485.71,upper_middle,aggressive,major_purchase,2025-10-24,verified,individual,True
37,29,millennial,48244,4020.33,1864.45,lower_middle,moderate,retirement,2026-05-07,verified,individual,True
38,25,gen_z,79743,6645.25,1814.28,middle,aggressive,retirement,2025-12-10,verified,individual,True
39,50,gen_x,96566,8047.17,2954.93,middle,conservative,wealth_building,2026-05-30,verified,custodial,True
40,28,millennial,83691,6974.25,1476.41,middle,conservative,major_purchase,2025-11-11,verified,individual,True
41,20,gen_z,41228,3435.67,1374.45,lower_middle,conservative,wealth_building,2026-02-08,verified,individual,True
42,33,millennial,63610,5300.83,1573.86,lower_middle,conservative,emergency_fund,2024-11-04,verified,individual,True
43,22,gen_z,70590,5882.5,2761.1,middle,moderate,major_purchase,2025-03-11,verified,individual,True
44,60,boomer,70585,5882.08,2743.61,middle,moderate,wealth_building,2025-04-23,verified,joint,True
45,41,millennial,109227,9102.25,2708.71,upper_middle,conservative,major_purchase,2024-11-27,verified,individual,True
46,56,gen_x,93278,7773.17,3655.63,middle,aggressive,major_purchase,2025-03-15,rejected,individual,False
48,33,millennial,77237,6436.42,2881.1,middle,conservative,emergency_fund,2025-04-15,verified,individual,True
49,29,millennial,55649,4637.42,2102.89,lower_middle,conservative,retirement,2025-12-22,verified,joint,True
50,19,gen_z,72927,6077.25,1669.44,middle,conservative,retirement,2025-06-15,verified,individual,True
51,69,boomer,72016,6001.33,2238.56,middle,conservative,wealth_building,2025-06-19,pending,individual,False
52,52,gen_x,54027,4502.25,991.29,lower_middle,conservative,emergency_fund,2025-02-26,verified,individual,True
53,65,boomer,89142,7428.5,1697.23,middle,moderate,wealth_building,2025-04-08,pending,individual,False
55,56,gen_x,38268,3189.0,950.3,low,moderate,emergency_fund,2025-12-31,pending,individual,False
56,66,boomer,58193,4849.42,2058.36,lower_middle,aggressive,retirement,2025-12-04,verified,individual,True
57,20,gen_z,43167,3597.25,1589.98,lower_middle,moderate,wealth_building,2025-01-30,pending,individual,False
58,21,gen_z,176917,14743.08,6743.59,high,aggressive,wealth_building,2026-02-26,verified,individual,True
59,21,gen_z,87736,7311.33,3650.46,middle,conservative,retirement,2025-01-25,verified,custodial,True
60,39,millennial,54087,4507.25,1228.0,lower_middle,moderate,retirement,2025-06-25,verified,individual,True
61,28,millennial,87440,7286.67,1545.54,middle,moderate,retirement,2026-08-27,pending,individual,False
62,29,millennial,22437,1869.75,604.6,low,conservative,major_purchase,2025-12-25,verified,individual,True
63,63,boomer,230811,19234.25,4597.45,high,conservative,retirement,2025-10-28,verified,individual,True
64,37,millennial,70276,5856.33,1210.67,middle,moderate,major_purchase,2026-01-25,pending,individual,False
66,36,millennial,47818,3984.83,1733.89,lower_middle,moderate,emergency_fund,2026-03-30,verified,individual,True
67,24,gen_z,84008,7000.67,2589.23,middle,moderate,retirement,2025-03-12,verified,individual,True
68,65,boomer,70738,5894.83,1732.1,middle,moderate,retirement,2024-10-25,verified,individual,True
69,21,gen_z,132402,11033.5,4372.6,upper_middle,conservative,retirement,2025-05-12,pending,individual,False
70,65,boomer,25793,2149.42,579.49,low,moderate,retirement,2025-04-08,verified,individual,True
71,57,gen_x,44523,3710.25,758.06,lower_middle,conservative,retirement,2025-02-27,verified,individual,True
72,25,gen_z,286643,23886.92,10254.8,high,conservative,emergency_fund,2026-07-25,rejected,individual,False
75,55,gen_x,35246,2937.17,621.74,low,moderate,retirement,2026-01-05,verified,individual,True
76,48,gen_x,241218,20101.5,9068.51,high,moderate,retirement,2025-07-07,verified,individual,True
78,22,gen_z,141157,11763.08,4340.8,upper_middle,conservative,wealth_building,2025-08-20,pending,individual,False
79,28,millennial,148695,12391.25,4800.17,upper_middle,conservative,emergency_fund,2025-04-06,verified,individual,True
80,18,gen_z,62475,5206.25,2391.39,lower_middle,conservative,major_purchase,2025-03-24,verified,individual,True
82,54,gen_x,28662,2388.5,893.98,low,moderate,major_purchase,2025-04-05,verified,individual,True
83,40,millennial,46361,3863.42,1920.91,lower_middle,moderate,emergency_fund,2025-11-16,pending,individual,False
84,19,gen_z,134716,11226.33,4793.86,upper_middle,moderate,major_purchase,2026-06-24,pending,individual,False
86,29,millennial,91586,7632.17,3146.12,middle,conservative,major_purchase,2025-03-05,verified,individual,True
87,52,gen_x,88478,7373.17,2335.59,middle,conservative,major_purchase,2026-09-02,verified,joint,True
89,69,boomer,32180,2681.67,1016.5,low,moderate,wealth_building,2024-12-05,verified,individual,True
90,33,millennial,20234,1686.17,806.75,low,aggressive,emergency_fund,2024-11-05,verified,individual,True
92,55,gen_x,59991,4999.25,1512.63,lower_middle,aggressive,retirement,2025-12-16,verified,individual,True
94,45,gen_x,40522,3376.83,889.76,lower_middle,conservative,emergency_fund,2025-07-25,verified,individual,True
95,53,gen_x,62288,5190.67,2588.53,lower_middle,moderate,wealth_building,2024-11-16,verified,individual,True
96,33,millennial,93099,7758.25,3835.18,middle,moderate,emergency_fund,2025-06-27,verified,individual,True
97,40,millennial,145486,12123.83,4787.13,upper_middle,aggressive,emergency_fund,2026-09-01,verified,individual,True
98,30,millennial,61272,5106.0,2253.4,lower_middle,conservative,retirement,2025-10-08,rejected,individual,False
100,23,gen_z,105832,8819.33,3333.24,upper_middle,moderate,retirement,2026-05-29,verified,individual,True
102,55,gen_x,116211,9684.25,3258.07,upper_middle,moderate,retirement,2026-02-20,verified,individual,True
103,40,millennial,70842,5903.5,2375.78,middle,moderate,emergency_fund,2026-01-23,rejected,individual,False
104,31,millennial,66316,5526.33,2228.55,middle,aggressive,emergency_fund,2025-10-14,verified,individual,True
105,67,boomer,53200,4433.33,1382.92,lower_middle,aggressive,retirement,2025-04-08,verified,individual,True
106,34,millennial,82508,6875.67,3317.56,middle,aggressive,major_purchase,2025-12-26,pending,joint,False
107,38,millennial,62005,5167.08,1292.84,lower_middle,conservative,emergency_fund,2024-12-20,verified,custodial,True
110,19,gen_z,90599,7549.92,3088.98,middle,moderate,wealth_building,2026-08-02,verified,individual,True
112,18,gen_z,101378,8448.17,2387.34,upper_middle,moderate,wealth_building,2025-04-05,verified,individual,True
113,65,boomer,39758,3313.17,817.89,low,moderate,emergency_fund,2025-09-18,verified,individual,True
114,62,boomer,41519,3459.92,1352.07,lower_middle,aggressive,emergency_fund,2025-02-05,pending,joint,False
115,47,gen_x,122161,10180.08,3866.3,upper_middle,conservative,retirement,2026-07-04,verified,individual,True
116,59,boomer,47935,3994.58,1013.85,lower_middle,moderate,retirement,2026-06-05,verified,individual,True
118,20,gen_z,64802,5400.17,1817.43,lower_middle,conservative,wealth_building,2025-12-24,verified,joint,True
119,66,boomer,45355,3779.58,1513.07,lower_middle,conservative,wealth_building,2025-12-03,verified,individual,True
120,40,millennial,204120,17010.0,7675.08,high,aggressive,wealth_building,2025-01-18,pending,individual,False
121,60,boomer,74083,6173.58,1549.07,middle,aggressive,retirement,2026-03-21,verified,individual,True
123,28,millennial,85456,7121.33,3088.74,middle,aggressive,retirement,2026-04-01,verified,individual,True
124,23,gen_z,78324,6527.0,2499.25,middle,conservative,emergency_fund,2025-10-09,verified,joint,True
125,31,millennial,42257,3521.42,1443.4,lower_middle,moderate,major_purchase,2024-10-03,rejected,individual,False
127,59,boomer,33411,2784.25,1227.42,low,moderate,retirement,2024-10-16,pending,individual,False
131,35,millennial,179320,14943.33,4790.33,high,moderate,retirement,2025-05-06,verified,individual,True
132,41,millennial,120808,10067.33,2477.64,upper_middle,conservative,wealth_building,2024-11-12,verified,individual,True
133,18,gen_z,95154,7929.5,2948.05,middle,moderate,retirement,2026-06-10,verified,individual,True
134,35,millennial,22005,1833.75,519.14,low,moderate,retirement,2026-07-28,verified,individual,True
135,66,boomer,92747,7728.92,3682.0,middle,moderate,major_purchase,2024-12-02,verified,individual,True
137,38,millennial,50070,4172.5,1576.59,lower_middle,moderate,wealth_building,2024-11-20,verified,individual,True
138,53,gen_x,29388,2449.0,750.56,low,conservative,emergency_fund,2026-03-20,rejected,individual,False
139,36,millennial,118156,9846.33,2122.84,upper_middle,moderate,major_purchase,2026-03-23,verified,custodial,True
140,63,boomer,38135,3177.92,665.85,low,moderate,major_purchase,2025-01-01,verified,individual,True
141,63,boomer,90351,7529.25,2462.07,middle,moderate,wealth_building,2025-09-01,verified,joint,True
142,37,millennial,272118,22676.5,5110.59,high,conservative,emergency_fund,2025-10-23,verified,individual,True
143,38,millennial,130499,10874.92,4154.81,upper_middle,moderate,wealth_building,2025-04-06,verified,individual,True
145,33,millennial,123554,10296.17,4786.42,upper_middle,moderate,retirement,2025-07-26,verified,individual,True
146,25,gen_z,36363,3030.25,1205.17,low,moderate,retirement,2025-02-28,rejected,joint,False
147,57,gen_x,39604,3300.33,869.21,low,moderate,retirement,2025-10-16,verified,individual,True
153,24,gen_z,40234,3352.83,1477.9,lower_middle,moderate,emergency_fund,2025-08-06,verified,joint,True
154,30,millennial,79562,6630.17,3309.59,middle,conservative,emergency_fund,2025-09-30,verified,individual,True
155,62,boomer,107480,8956.67,1872.01,upper_middle,conservative,retirement,2024-12-26,verified,individual,True
156,37,millennial,91672,7639.33,3584.45,middle,moderate,retirement,2025-03-09,verified,individual,True
158,46,gen_x,75293,6274.42,3087.11,middle,moderate,retirement,2025-11-19,verified,individual,True
159,39,millennial,41673,3472.75,1179.01,lower_middle,conservative,retirement,2025-03-13,pending,individual,False
160,57,gen_x,22100,1841.67,836.52,low,moderate,retirement,2025-03-06,pending,individual,False
161,32,millennial,144617,12051.42,2635.86,upper_middle,aggressive,retirement,2024-11-21,verified,joint,True
162,47,gen_x,60132,5011.0,1506.22,lower_middle,conservative,emergency_fund,2025-12-19,verified,joint,True
163,45,gen_x,59557,4963.08,1092.4,lower_middle,moderate,wealth_building,2025-03-12,verified,custodial,True
164,39,millennial,83199,6933.25,3415.34,middle,conservative,wealth_building,2026-06-29,verified,individual,True
165,23,gen_z,73016,6084.67,2708.24,middle,moderate,major_purchase,2026-05-28,verified,individual,True
166,68,boomer,96881,8073.42,3679.57,middle,moderate,emergency_fund,2024-11-21,verified,individual,True
167,37,millennial,57058,4754.83,2288.93,lower_middle,moderate,wealth_building,2025-03-18,verified,joint,True
168,19,gen_z,64472,5372.67,1211.7,lower_middle,moderate,wealth_building,2026-01-14,verified,individual,True
169,18,gen_z,48578,4048.17,1277.92,lower_middle,aggressive,wealth_building,2025-03-02,verified,individual,True
170,52,gen_x,42158,3513.17,777.5,lower_middle,conservative,emergency_fund,2025-01-03,rejected,individual,False
171,51,gen_x,99832,8319.33,2189.96,middle,conservative,major_purchase,2026-07-20,verified,individual,True
172,18,gen_z,136021,11335.08,3046.98,upper_middle,aggressive,wealth_building,2025-11-07,verified,individual,True
173,36,millennial,124087,10340.58,3523.37,upper_middle,moderate,major_purchase,2025-08-30,verified,individual,True
175,50,gen_x,96128,8010.67,1844.8,middle,moderate,retirement,2026-04-22,verified,individual,True
177,47,gen_x,59643,4970.25,1213.65,lower_middle,moderate,emergency_fund,2024-12-09,rejected,individual,False
178,31,millennial,80193,6682.75,3287.4,middle,moderate,major_purchase,2025-08-01,verified,individual,True
179,64,boomer,91853,7654.42,3274.47,middle,aggressive,emergency_fund,2025-07-26,verified,individual,True
180,24,gen_z,52096,4341.33,2128.68,lower_middle,moderate,retirement,2025-08-26,verified,individual,True
181,33,millennial,60307,5025.58,1668.1,lower_middle,conservative,retirement,2026-02-26,verified,individual,True
182,18,gen_z,252518,21043.17,5965.96,high,conservative,retirement,2026-01-18,verified,individual,True
183,67,boomer,59611,4967.58,2183.19,lower_middle,conservative,emergency_fund,2026-08-23,pending,individual,False
184,61,boomer,31023,2585.25,770.08,low,conservative,major_purchase,2024-12-10,pending,individual,False
185,30,millennial,76950,6412.5,1858.44,middle,moderate,wealth_building,2025-07-12,verified,individual,True
186,52,gen_x,110704,9225.33,2488.55,upper_middle,moderate,emergency_fund,2025-05-28,verified,joint,True
187,59,boomer,76867,6405.58,1530.32,middle,moderate,emergency_fund,2026-05-30,verified,individual,True
188,55,gen_x,67745,5645.42,1563.44,middle,moderate,emergency_fund,2025-03-26,verified,individual,True
189,37,millennial,62475,5206.25,1596.22,lower_middle,moderate,wealth_building,2025-02-13,pending,individual,False
191,20,gen_z,51956,4329.67,947.2,lower_middle,conservative,retirement,2025-07-25,verified,individual,True
192,60,boomer,105818,8818.17,2320.52,upper_middle,conservative,emergency_fund,2025-04-16,verified,individual,True
193,60,boomer,95116,7926.33,3509.04,middle,moderate,major_purchase,2025-03-27,verified,individual,True
194,56,gen_x,55493,4624.42,1128.71,lower_middle,conservative,wealth_building,2026-07-12,rejected,individual,False
195,27,millennial,37908,3159.0,956.52,low,conservative,wealth_building,2025-08-09,verified,custodial,True
196,34,millennial,28224,2352.0,1080.5,low,moderate,major_purchase,2026-05-29,verified,individual,True
197,45,gen_x,62582,5215.17,1285.42,lower_middle,aggressive,emergency_fund,2025-10-23,verified,individual,True
198,61,boomer,44025,3668.75,824.81,lower_middle,conservative,emergency_fund,2024-11-07,verified,individual,True
199,64,boomer,85093,7091.08,2448.99,middle,moderate,emergency_fund,2026-09-03,verified,individual,True
200,55,gen_x,71155,5929.58,1723.88,middle,moderate,retirement,2026-05-12,verified,joint,True
201,50,gen_x,53839,4486.58,1655.65,lower_middle,moderate,emergency_fund,2026-08-13,verified,individual,True
203,24,gen_z,34890,2907.5,701.13,low,conservative,retirement,2026-05-20,verified,individual,True
204,67,boomer,120963,10080.25,3772.13,upper_middle,conservative,wealth_building,2025-01-27,verified,individual,True
205,51,gen_x,57356,4779.67,1680.78,lower_middle,aggressive,major_purchase,2025-09-08,verified,individual,True
206,21,gen_z,85936,7161.33,1741.81,middle,moderate,wealth_building,2025-03-01,verified,individual,True
207,23,gen_z,104426,8702.17,3369.47,upper_middle,moderate,major_purchase,2025-07-11,verified,individual,True
208,47,gen_x,88303,7358.58,2075.8,middle,moderate,emergency_fund,2024-11-13,verified,individual,True
209,19,gen_z,145280,12106.67,4193.15,upper_middle,moderate,major_purchase,2025-06-25,verified,individual,True
211,35,millennial,178151,14845.92,5016.07,high,aggressive,major_purchase,2025-04-06,rejected,joint,False
213,45,gen_x,31308,2609.0,1165.48,low,conservative,wealth_building,2025-08-17,verified,individual,True
214,37,millennial,89770,7480.83,1624.04,middle,aggressive,retirement,2025-07-26,verified,individual,True
215,54,gen_x,256984,21415.33,6972.45,high,conservative,retirement,2026-08-05,verified,individual,True
216,39,millennial,102204,8517.0,2874.74,upper_middle,conservative,wealth_building,2026-08-31,verified,individual,True
217,35,millennial,39660,3305.0,1379.84,low,aggressive,emergency_fund,2025-10-27,verified,joint,True
221,54,gen_x,149067,12422.25,5697.6,upper_middle,aggressive,wealth_building,2026-08-13,verified,individual,True
224,41,millennial,64968,5414.0,2447.3,lower_middle,conservative,wealth_building,2026-03-11,verified,individual,True
225,34,millennial,98398,8199.83,4073.97,middle,moderate,major_purchase,2024-11-12,pending,individual,False
227,63,boomer,126423,10535.25,3281.1,upper_middle,moderate,emergency_fund,2025-09-20,verified,individual,True
228,37,millennial,74171,6180.92,1598.08,middle,moderate,major_purchase,2026-05-23,pending,individual,False
229,69,boomer,112721,9393.42,3257.8,upper_middle,conservative,wealth_building,2025-01-21,verified,individual,True
230,44,gen_x,36661,3055.08,1290.75,low,aggressive,wealth_building,2026-08-07,verified,joint,True
231,50,gen_x,232152,19346.0,6727.97,high,moderate,retirement,2024-11-28,verified,individual,True
232,38,millennial,72659,6054.92,2088.67,middle,aggressive,emergency_fund,2025-02-10,pending,individual,False
233,57,gen_x,30601,2550.08,1151.28,low,moderate,retirement,2025-11-24,pending,individual,False
234,32,millennial,31704,2642.0,814.85,low,moderate,wealth_building,2026-01-19,verified,individual,True
235,25,gen_z,132793,11066.08,5067.58,upper_middle,moderate,major_purchase,2025-03-16,verified,individual,True
236,53,gen_x,96226,8018.83,2582.4,middle,moderate,retirement,2024-12-26,verified,individual,True
239,52,gen_x,33379,2781.58,1192.56,low,conservative,retirement,2025-11-23,verified,individual,True
240,19,gen_z,72006,6000.5,1426.92,middle,moderate,wealth_building,2025-12-11,verified,individual,True
242,63,boomer,73682,6140.17,2980.64,middle,moderate,retirement,2025-11-16,verified,individual,True
245,18,gen_z,173989,14499.08,5419.68,high,moderate,wealth_building,2025-02-23,pending,joint,False
246,60,boomer,109915,9159.58,3177.34,upper_middle,moderate,retirement,2026-02-17,verified,individual,True
247,34,millennial,49784,4148.67,1632.18,lower_middle,moderate,retirement,2025-03-19,verified,custodial,True
249,68,boomer,89734,7477.83,2735.38,middle,conservative,major_purchase,2026-01-16,verified,individual,True
250,61,boomer,114824,9568.67,2982.09,upper_middle,moderate,major_purchase,2025-05-01,pending,custodial,False
251,34,millennial,23313,1942.75,774.19,low,conservative,major_purchase,2025-05-12,verified,individual,True
252,34,millennial,76033,6336.08,1535.66,middle,conservative,retirement,2026-03-14,verified,individual,True
253,60,boomer,29968,2497.33,927.17,low,moderate,retirement,2024-11-22,verified,individual,True
255,20,gen_z,105939,8828.25,2503.63,upper_middle,moderate,major_purchase,2026-09-02,verified,joint,True
256,55,gen_x,147464,12288.67,3264.03,upper_middle,moderate,emergency_fund,2026-09-01,verified,individual,True
257,59,boomer,54794,4566.17,1163.69,lower_middle,aggressive,major_purchase,2024-11-23,verified,individual,True
258,48,gen_x,185063,15421.92,6904.6,high,aggressive,wealth_building,2025-03-01,verified,individual,True
259,50,gen_x,99464,8288.67,2368.17,middle,conservative,wealth_building,2025-04-06,verified,individual,True
260,20,gen_z,31185,2598.75,1242.56,low,aggressive,retirement,2026-07-19,pending,individual,False
261,50,gen_x,58330,4860.83,2386.56,lower_middle,moderate,retirement,2026-06-12,verified,individual,True
262,59,boomer,52001,4333.42,1609.34,lower_middle,moderate,emergency_fund,2026-06-11,pending,individual,False
264,37,millennial,234703,19558.58,6109.41,high,moderate,wealth_building,2025-01-21,verified,joint,True
265,67,boomer,86625,7218.75,3171.34,middle,conservative,emergency_fund,2026-05-10,verified,individual,True
266,55,gen_x,139188,11599.0,3598.21,upper_middle,conservative,retirement,2026-02-08,verified,individual,True
267,53,gen_x,63941,5328.42,1204.78,lower_middle,moderate,wealth_building,2025-12-05,verified,individual,True
268,55,gen_x,31837,2653.08,973.78,low,aggressive,wealth_building,2026-08-26,verified,individual,True
269,35,millennial,84029,7002.42,3175.85,middle,aggressive,emergency_fund,2026-01-04,verified,individual,True
271,68,boomer,96433,8036.08,2029.41,middle,aggressive,emergency_fund,2026-04-28,verified,individual,True
272,62,boomer,193309,16109.08,6473.1,high,aggressive,emergency_fund,2025-04-30,verified,joint,True
273,69,boomer,66932,5577.67,1484.5,middle,moderate,wealth_building,2026-01-11,verified,individual,True
274,64,boomer,66757,5563.08,1476.79,middle,conservative,wealth_building,2026-07-23,verified,individual,True
275,38,millennial,45085,3757.08,1736.6,lower_middle,moderate,wealth_building,2025-01-05,verified,individual,True
276,33,millennial,25637,2136.42,587.3,low,aggressive,emergency_fund,2024-12-22,verified,individual,True
277,47,gen_x,21116,1759.67,490.9,low,moderate,wealth_building,2024-12-17,verified,individual,True
278,53,gen_x,76691,6390.92,1279.44,middle,moderate,retirement,2025-10-25,verified,joint,True
279,55,gen_x,20492,1707.67,787.58,low,moderate,retirement,2025-04-11,verified,individual,True
281,67,boomer,92808,7734.0,3002.33,middle,moderate,emergency_fund,2026-02-18,verified,individual,True
282,29,millennial,64272,5356.0,2276.73,lower_middle,conservative,wealth_building,2025-02-22,verified,individual,True
283,41,millennial,46474,3872.83,951.22,lower_middle,moderate,major_purchase,2025-12-21,verified,individual,True
284,24,gen_z,54385,4532.08,1529.56,lower_middle,aggressive,emergency_fund,2025-04-06,verified,individual,True
285,52,gen_x,258042,21503.5,6566.43,high,aggressive,emergency_fund,2025-09-10,verified,custodial,True
286,19,gen_z,78979,6581.58,1501.48,middle,conservative,emergency_fund,2026-06-29,verified,individual,True
287,37,millennial,93328,7777.33,2689.71,middle,aggressive,emergency_fund,2026-05-19,verified,individual,True
288,31,millennial,34607,2883.92,1373.38,low,moderate,major_purchase,2024-12-06,pending,individual,False
289,40,millennial,162867,13572.25,2877.56,high,moderate,wealth_building,2025-07-26,verified,individual,True
291,24,gen_z,59127,4927.25,1292.23,lower_middle,aggressive,emergency_fund,2024-10-05,verified,individual,True
292,19,gen_z,130527,10877.25,2952.56,upper_middle,aggressive,major_purchase,2026-03-27,verified,individual,True
293,62,boomer,47866,3988.83,1884.84,lower_middle,moderate,wealth_building,2025-12-23,verified,individual,True
294,28,millennial,80449,6704.08,2282.21,middle,aggressive,retirement,2025-04-04,verified,individual,True
295,23,gen_z,75685,6307.08,2143.71,middle,conservative,retirement,2026-03-06,pending,individual,False
296,39,millennial,63544,5295.33,2267.32,lower_middle,moderate,major_purchase,2025-10-24,verified,individual,True
297,55,gen_x,155451,12954.25,3191.25,high,moderate,retirement,2025-07-29,verified,individual,True
298,38,millennial,121642,10136.83,3509.16,upper_middle,moderate,emergency_fund,2024-10-09,pending,individual,False
299,49,gen_x,96030,8002.5,2632.79,middle,conservative,major_purchase,2024-11-24,pending,individual,False
300,19,gen_z,40619,3384.92,1283.13,lower_middle,aggressive,major_purchase,2026-06-14,verified,individual,True
301,25,gen_z,20882,1740.17,869.85,low,conservative,major_purchase,2026-06-28,pending,individual,False
302,39,millennial,43642,3636.83,1566.87,lower_middle,conservative,major_purchase,2025-10-20,verified,individual,True
303,40,millennial,128001,10666.75,3406.53,upper_middle,moderate,major_purchase,2026-05-11,pending,individual,False
305,43,gen_x,94290,7857.5,1973.9,middle,aggressive,retirement,2025-01-14,verified,joint,True
306,67,boomer,114122,9510.17,1988.95,upper_middle,moderate,emergency_fund,2024-12-31,verified,individual,True
307,27,millennial,22895,1907.92,498.6,low,conservative,emergency_fund,2025-05-07,verified,individual,True
308,34,millennial,70366,5863.83,1771.6,middle,aggressive,major_purchase,2026-06-25,verified,individual,True
309,57,gen_x,28711,2392.58,845.0,low,moderate,wealth_building,2026-04-14,verified,individual,True
310,28,millennial,299865,24988.75,9609.14,high,conservative,wealth_building,2026-05-29,verified,individual,True
311,38,millennial,73199,6099.92,2886.37,middle,moderate,major_purchase,2026-06-25,verified,individual,True
312,25,gen_z,50717,4226.42,1491.74,lower_middle,moderate,emergency_fund,2025-02-27,verified,individual,True
313,25,gen_z,43423,3618.58,1267.89,lower_middle,moderate,emergency_fund,2025-03-26,verified,individual,True
314,61,boomer,75211,6267.58,1347.99,middle,moderate,wealth_building,2024-12-14,verified,individual,True
316,45,gen_x,123360,10280.0,3755.78,upper_middle,aggressive,major_purchase,2026-06-14,pending,individual,False
318,24,gen_z,32474,2706.17,1222.52,low,conservative,major_purchase,2025-12-12,verified,individual,True
319,19,gen_z,43667,3638.92,903.19,lower_middle,aggressive,wealth_building,2025-01-19,verified,individual,True
320,35,millennial,28277,2356.42,488.94,low,moderate,emergency_fund,2026-07-16,verified,joint,True
322,57,gen_x,112424,9368.67,2541.19,upper_middle,moderate,wealth_building,2026-08-18,verified,individual,True
323,54,gen_x,83852,6987.67,1501.54,middle,aggressive,retirement,2026-04-24,verified,individual,True
324,38,millennial,62601,5216.75,2177.36,lower_middle,moderate,major_purchase,2026-06-12,verified,joint,True
325,63,boomer,83020,6918.33,1615.28,middle,conservative,retirement,2024-10-20,verified,individual,True
327,48,gen_x,103583,8631.92,2454.18,upper_middle,aggressive,emergency_fund,2025-05-23,pending,individual,False
329,30,millennial,44009,3667.42,1151.3,lower_middle,aggressive,emergency_fund,2026-04-18,verified,custodial,True
330,30,millennial,59710,4975.83,2191.52,lower_middle,moderate,major_purchase,2026-05-31,verified,individual,True
331,28,millennial,143178,11931.5,3789.78,upper_middle,moderate,emergency_fund,2026-04-24,verified,individual,True
332,46,gen_x,89532,7461.0,3172.65,middle,conservative,emergency_fund,2025-04-08,verified,joint,True
333,20,gen_z,58601,4883.42,1160.52,lower_middle,conservative,retirement,2026-04-07,verified,individual,True
334,25,gen_z,104967,8747.25,3777.34,upper_middle,aggressive,wealth_building,2024-12-17,pending,individual,False
335,18,gen_z,118753,9896.08,2682.63,upper_middle,conservative,emergency_fund,2026-06-06,verified,individual,True
336,21,gen_z,85022,7085.17,2856.87,middle,moderate,emergency_fund,2026-05-27,verified,individual,True
337,64,boomer,74135,6177.92,2284.19,middle,moderate,wealth_building,2025-03-07,verified,individual,True
338,43,gen_x,45722,3810.17,1824.09,lower_middle,conservative,retirement,2026-04-28,verified,individual,True
340,23,gen_z,92236,7686.33,1689.84,middle,moderate,emergency_fund,2025-05-04,verified,individual,True
341,27,millennial,115514,9626.17,1980.55,upper_middle,aggressive,major_purchase,2026-04-13,verified,joint,True
342,32,millennial,143896,11991.33,5372.81,upper_middle,moderate,emergency_fund,2025-03-11,verified,individual,True
343,19,gen_z,137212,11434.33,4086.87,upper_middle,moderate,emergency_fund,2024-10-19,verified,joint,True
344,34,millennial,27618,2301.5,995.57,low,moderate,major_purchase,2025-02-15,verified,individual,True
345,37,millennial,120331,10027.58,2710.73,upper_middle,moderate,major_purchase,2025-05-21,verified,individual,True
346,44,gen_x,118060,9838.33,2986.18,upper_middle,moderate,wealth_building,2026-05-31,verified,joint,True
347,44,gen_x,66196,5516.33,1153.09,middle,aggressive,retirement,2026-08-11,verified,individual,True
348,23,gen_z,112297,9358.08,4570.93,upper_middle,moderate,retirement,2025-04-16,verified,individual,True
349,41,millennial,102787,8565.58,3429.32,upper_middle,moderate,retirement,2025-12-26,verified,individual,True
350,55,gen_x,88816,7401.33,3552.36,middle,conservative,wealth_building,2025-07-10,verified,individual,True
351,38,millennial,84702,7058.5,1973.9,middle,aggressive,retirement,2026-08-21,verified,individual,True
352,62,boomer,22176,1848.0,708.6,low,conservative,retirement,2025-10-13,verified,custodial,True
353,53,gen_x,60127,5010.58,2022.02,lower_middle,conservative,retirement,2026-07-23,verified,individual,True
354,20,gen_z,92228,7685.67,2269.31,middle,moderate,major_purchase,2024-12-22,verified,individual,True
355,21,gen_z,120208,10017.33,4552.2,upper_middle,moderate,retirement,2026-08-14,verified,individual,True
356,55,gen_x,49171,4097.58,1983.84,lower_middle,moderate,wealth_building,2025-02-05,verified,individual,True
357,21,gen_z,22451,1870.92,870.83,low,moderate,retirement,2026-08-08,verified,individual,True
358,49,gen_x,98396,8199.67,3457.96,middle,moderate,wealth_building,2025-04-07,pending,individual,False
359,69,boomer,29821,2485.08,703.87,low,conservative,emergency_fund,2024-12-17,verified,individual,True
360,43,gen_x,47778,3981.5,1132.68,lower_middle,aggressive,major_purchase,2025-08-03,verified,individual,True
361,32,millennial,23696,1974.67,965.63,low,moderate,wealth_building,2026-02-25,pending,joint,False
362,57,gen_x,60058,5004.83,1016.41,lower_middle,moderate,emergency_fund,2025-05-10,verified,individual,True
363,41,millennial,60313,5026.08,2084.89,lower_middle,moderate,wealth_building,2025-12-01,verified,individual,True
365,69,boomer,69956,5829.67,2254.96,middle,moderate,wealth_building,2025-06-30,verified,individual,True
366,36,millennial,110195,9182.92,4564.21,upper_middle,moderate,major_purchase,2025-11-11,pending,individual,False
367,65,boomer,82076,6839.67,2007.88,middle,moderate,retirement,2025-03-30,verified,custodial,True
368,68,boomer,101105,8425.42,2544.4,upper_middle,moderate,emergency_fund,2026-02-11,verified,individual,True
369,19,gen_z,39392,3282.67,734.27,low,aggressive,retirement,2024-10-04,verified,joint,True
370,23,gen_z,58545,4878.75,1623.84,lower_middle,moderate,emergency_fund,2026-07-13,verified,individual,True
371,19,gen_z,115417,9618.08,2676.85,upper_middle,aggressive,emergency_fund,2025-10-15,verified,custodial,True
372,22,gen_z,34188,2849.0,863.29,low,moderate,emergency_fund,2026-02-19,verified,individual,True
373,21,gen_z,95099,7924.92,3569.16,middle,conservative,retirement,2026-03-07,verified,joint,True
374,43,gen_x,97598,8133.17,3909.17,middle,conservative,wealth_building,2026-01-16,verified,individual,True
375,20,gen_z,94961,7913.42,2023.62,middle,moderate,emergency_fund,2025-06-15,verified,individual,True
378,24,gen_z,74256,6188.0,1352.34,middle,aggressive,emergency_fund,2025-05-22,verified,individual,True
379,65,boomer,34212,2851.0,649.2,low,aggressive,emergency_fund,2025-05-11,verified,individual,True
380,39,millennial,99681,8306.75,2067.03,middle,moderate,emergency_fund,2026-05-20,rejected,joint,False
381,22,gen_z,125792,10482.67,3968.36,upper_middle,conservative,wealth_building,2026-02-19,verified,individual,True
382,53,gen_x,193361,16113.42,3950.07,high,conservative,wealth_building,2025-05-01,verified,individual,True
383,46,gen_x,41772,3481.0,1707.16,lower_middle,conservative,retirement,2025-05-07,verified,individual,True
384,60,boomer,126536,10544.67,3522.07,upper_middle,moderate,major_purchase,2025-07-16,pending,individual,False
385,57,gen_x,84164,7013.67,2457.98,middle,aggressive,retirement,2025-07-12,verified,joint,True
386,62,boomer,52996,4416.33,1210.06,lower_middle,moderate,major_purchase,2025-04-28,verified,individual,True
387,32,millennial,22871,1905.92,650.47,low,conservative,major_purchase,2024-12-31,verified,individual,True
388,20,gen_z,146002,12166.83,4849.38,upper_middle,moderate,major_purchase,2025-07-24,pending,joint,False
389,53,gen_x,57044,4753.67,2021.99,lower_middle,moderate,retirement,2026-07-24,verified,individual,True
390,61,boomer,62626,5218.83,2224.06,lower_middle,moderate,emergency_fund,2026-01-20,verified,individual,True
391,59,boomer,30521,2543.42,949.63,low,moderate,retirement,2026-06-27,pending,individual,False
392,40,millennial,143410,11950.83,5632.52,upper_middle,moderate,wealth_building,2025-12-08,verified,individual,True
393,38,millennial,101132,8427.67,3752.19,upper_middle,conservative,major_purchase,2025-05-01,verified,individual,True
395,38,millennial,54534,4544.5,984.71,lower_middle,aggressive,wealth_building,2024-10-03,pending,individual,False
396,63,boomer,63854,5321.17,1075.21,lower_middle,conservative,emergency_fund,2025-04-22,verified,individual,True
397,63,boomer,72812,6067.67,1600.25,middle,conservative,major_purchase,2025-07-31,rejected,individual,False
398,37,millennial,69557,5796.42,2313.1,middle,conservative,major_purchase,2025-11-13,verified,individual,True
400,48,gen_x,74065,6172.08,1979.52,middle,moderate,wealth_building,2025-08-24,rejected,individual,False
402,67,boomer,147857,12321.42,5774.66,upper_middle,moderate,emergency_fund,2025-03-01,verified,individual,True
403,31,millennial,135948,11329.0,5355.81,upper_middle,moderate,wealth_building,2025-08-30,verified,individual,True
405,37,millennial,46696,3891.33,1585.01,lower_middle,moderate,wealth_building,2026-04-14,verified,individual,True
406,59,boomer,92794,7732.83,2176.71,middle,aggressive,wealth_building,2025-01-29,verified,individual,True
408,21,gen_z,51757,4313.08,1101.52,lower_middle,conservative,major_purchase,2025-09-29,verified,individual,True
409,64,boomer,128152,10679.33,3231.91,upper_middle,moderate,retirement,2025-12-20,verified,joint,True
410,24,gen_z,85954,7162.83,2356.48,middle,moderate,retirement,2025-05-25,rejected,joint,False
411,28,millennial,96555,8046.25,3615.06,middle,aggressive,retirement,2026-04-29,verified,individual,True
412,61,boomer,81654,6804.5,1605.64,middle,moderate,wealth_building,2026-03-13,verified,individual,True
413,59,boomer,250772,20897.67,8787.0,high,aggressive,wealth_building,2026-01-17,verified,individual,True
414,51,gen_x,146976,12248.0,4402.38,upper_middle,moderate,wealth_building,2025-03-09,verified,individual,True
415,50,gen_x,35042,2920.17,836.29,low,conservative,emergency_fund,2025-02-19,verified,individual,True
416,38,millennial,125966,10497.17,3651.4,upper_middle,moderate,wealth_building,2024-10-20,verified,individual,True
417,28,millennial,55639,4636.58,1344.53,lower_middle,aggressive,major_purchase,2025-03-23,pending,individual,False
418,41,millennial,51546,4295.5,1627.24,lower_middle,aggressive,retirement,2025-09-01,rejected,individual,False
419,54,gen_x,79270,6605.83,2180.94,middle,conservative,emergency_fund,2026-05-21,verified,individual,True
420,53,gen_x,95908,7992.33,1992.66,middle,moderate,retirement,2024-11-23,pending,individual,False
421,50,gen_x,80523,6710.25,1576.74,middle,moderate,wealth_building,2025-07-20,verified,individual,True
422,54,gen_x,212433,17702.75,6443.96,high,conservative,major_purchase,2025-12-18,verified,individual,True
423,23,gen_z,147068,12255.67,5769.04,upper_middle,moderate,major_purchase,2025-02-16,pending,individual,False
426,39,millennial,234995,19582.92,7786.14,high,moderate,emergency_fund,2025-03-23,verified,individual,True
428,66,boomer,127056,10588.0,4725.36,upper_middle,conservative,major_purchase,2024-10-06,verified,individual,True
429,41,millennial,26614,2217.83,820.56,low,moderate,emergency_fund,2026-03-13,verified,joint,True
430,20,gen_z,23252,1937.67,769.47,low,conservative,wealth_building,2026-03-26,rejected,joint,False
431,23,gen_z,47415,3951.25,1855.17,lower_middle,conservative,emergency_fund,2024-12-16,verified,individual,True
432,44,gen_x,36662,3055.17,977.21,low,conservative,major_purchase,2025-07-28,verified,individual,True
434,24,gen_z,298036,24836.33,5047.82,high,moderate,major_purchase,2026-08-05,verified,joint,True
435,20,gen_z,97252,8104.33,3630.46,middle,conservative,emergency_fund,2025-10-01,verified,individual,True
436,55,gen_x,23832,1986.0,874.42,low,moderate,emergency_fund,2024-11-07,verified,joint,True
437,25,gen_z,54901,4575.08,1058.38,lower_middle,moderate,wealth_building,2025-03-26,pending,individual,False
438,63,boomer,25445,2120.42,791.04,low,aggressive,retirement,2026-05-20,pending,individual,False
439,50,gen_x,21380,1781.67,604.33,low,aggressive,wealth_building,2025-08-18,verified,joint,True
440,21,gen_z,49865,4155.42,979.07,lower_middle,moderate,wealth_building,2026-04-17,pending,individual,False
441,19,gen_z,62918,5243.17,2591.02,lower_middle,moderate,emergency_fund,2026-01-13,verified,individual,True
443,30,millennial,235076,19589.67,4313.06,high,aggressive,major_purchase,2025-11-24,verified,individual,True
444,40,millennial,51580,4298.33,1626.72,lower_middle,conservative,wealth_building,2026-07-30,verified,individual,True
445,67,boomer,89917,7493.08,3159.53,middle,conservative,wealth_building,2026-06-19,verified,individual,True
446,65,boomer,122318,10193.17,2137.84,upper_middle,conservative,retirement,2025-12-06,verified,individual,True
447,59,boomer,50179,4181.58,1662.66,lower_middle,moderate,wealth_building,2026-02-19,verified,individual,True
448,56,gen_x,52251,4354.25,1566.17,lower_middle,conservative,emergency_fund,2025-09-21,rejected,joint,False
449,38,millennial,145899,12158.25,2808.31,upper_middle,moderate,wealth_building,2026-05-08,verified,individual,True
450,21,gen_z,39493,3291.08,828.55,low,conservative,wealth_building,2025-10-22,verified,individual,True
451,46,gen_x,85466,7122.17,2638.0,middle,moderate,emergency_fund,2026-06-23,verified,individual,True
452,51,gen_x,95206,7933.83,2292.14,middle,conservative,retirement,2026-03-08,verified,individual,True
453,32,millennial,52707,4392.25,2114.85,lower_middle,conservative,emergency_fund,2025-08-31,verified,individual,True
454,67,boomer,59624,4968.67,2214.15,lower_middle,aggressive,retirement,2025-04-02,verified,custodial,True
455,21,gen_z,126564,10547.0,5221.5,upper_middle,conservative,wealth_building,2025-03-25,verified,individual,True
456,41,millennial,38233,3186.08,885.42,low,aggressive,retirement,2025-12-24,verified,individual,True
457,23,gen_z,64881,5406.75,2654.27,lower_middle,moderate,emergency_fund,2026-03-23,verified,individual,True
458,32,millennial,135517,11293.08,3719.6,upper_middle,conservative,retirement,2025-10-03,verified,individual,True
459,22,gen_z,78156,6513.0,1981.62,middle,aggressive,wealth_building,2025-12-16,verified,joint,True
460,22,gen_z,36589,3049.08,655.87,low,conservative,major_purchase,2025-04-13,verified,individual,True
461,19,gen_z,123736,10311.33,2225.49,upper_middle,aggressive,retirement,2024-11-26,verified,individual,True
462,50,gen_x,60975,5081.25,2071.13,lower_middle,conservative,emergency_fund,2025-04-21,verified,individual,True
463,50,gen_x,136218,11351.5,3829.75,upper_middle,aggressive,wealth_building,2025-04-11,verified,individual,True
464,53,gen_x,107214,8934.5,2394.06,upper_middle,conservative,wealth_building,2025-05-15,verified,individual,True
465,59,boomer,95581,7965.08,3060.11,middle,moderate,retirement,2025-10-16,verified,individual,True
466,34,millennial,85195,7099.58,1958.47,middle,moderate,emergency_fund,2025-01-08,verified,individual,True
467,31,millennial,276479,23039.92,8600.56,high,aggressive,emergency_fund,2025-03-14,verified,individual,True
468,60,boomer,25141,2095.08,644.79,low,aggressive,emergency_fund,2026-02-01,verified,individual,True
469,40,millennial,128884,10740.33,4801.63,upper_middle,aggressive,major_purchase,2026-02-10,pending,joint,False
470,60,boomer,64885,5407.08,2412.69,lower_middle,aggressive,wealth_building,2024-11-17,pending,joint,False
471,23,gen_z,42708,3559.0,1221.47,lower_middle,conservative,retirement,2025-07-15,verified,individual,True
473,25,gen_z,165088,13757.33,4247.82,high,conservative,retirement,2025-07-21,verified,individual,True
474,69,boomer,207615,17301.25,7642.21,high,moderate,major_purchase,2025-02-24,rejected,individual,False
475,39,millennial,51834,4319.5,1289.17,lower_middle,moderate,major_purchase,2025-07-24,rejected,individual,False
476,67,boomer,32278,2689.83,706.67,low,moderate,emergency_fund,2026-06-29,verified,individual,True
477,18,gen_z,110014,9167.83,2066.49,upper_middle,conservative,retirement,2025-11-16,verified,joint,True
478,54,gen_x,68273,5689.42,1934.45,middle,moderate,major_purchase,2026-02-02,verified,joint,True
479,64,boomer,34367,2863.92,987.02,low,conservative,emergency_fund,2026-05-26,verified,individual,True
480,35,millennial,95881,7990.08,3613.7,middle,moderate,retirement,2026-03-23,verified,individual,True
481,50,gen_x,96486,8040.5,2141.76,middle,moderate,retirement,2025-06-26,verified,individual,True
482,53,gen_x,228077,19006.42,5973.67,high,moderate,wealth_building,2024-10-07,pending,individual,False
483,32,millennial,48712,4059.33,1796.34,lower_middle,moderate,retirement,2025-06-06,verified,individual,True
484,45,gen_x,74168,6180.67,2763.3,middle,moderate,wealth_building,2026-03-15,verified,individual,True
485,50,gen_x,68551,5712.58,1801.65,middle,conservative,retirement,2026-05-24,pending,joint,False
486,67,boomer,112297,9358.08,3160.57,upper_middle,moderate,wealth_building,2026-08-02,pending,individual,False
488,38,millennial,67832,5652.67,2711.96,middle,moderate,wealth_building,2026-03-11,verified,individual,True
489,67,boomer,62063,5171.92,1218.47,lower_middle,moderate,retirement,2025-10-20,verified,individual,True
490,64,boomer,122963,10246.92,4919.8,upper_middle,conservative,major_purchase,2025-11-29,verified,individual,True
491,32,millennial,78422,6535.17,2647.79,middle,conservative,major_purchase,2025-03-06,rejected,joint,False
492,54,gen_x,20152,1679.33,603.67,low,aggressive,retirement,2025-03-05,pending,individual,False
494,18,gen_z,51108,4259.0,1459.47,lower_middle,moderate,emergency_fund,2024-10-23,verified,individual,True
495,36,millennial,22800,1900.0,612.42,low,conservative,emergency_fund,2025-05-26,verified,individual,True
496,34,millennial,138078,11506.5,2857.82,upper_middle,conservative,wealth_building,2026-01-22,pending,joint,False
497,44,gen_x,67610,5634.17,2236.33,middle,moderate,emergency_fund,2025-07-13,verified,individual,True
498,21,gen_z,112067,9338.92,4588.63,upper_middle,aggressive,emergency_fund,2025-01-26,verified,joint,True
499,59,boomer,41104,3425.33,1262.77,lower_middle,conservative,major_purchase,2025-08-26,verified,individual,True
500,60,boomer,110728,9227.33,3824.05,upper_middle,moderate,retirement,2024-12-31,verified,individual,True
501,43,gen_x,27263,2271.92,501.04,low,conservative,retirement,2025-12-13,verified,individual,True
503,35,millennial,241118,20093.17,4720.04,high,moderate,wealth_building,2025-07-06,pending,individual,False
504,59,boomer,100406,8367.17,3211.64,upper_middle,moderate,wealth_building,2025-11-02,pending,individual,False
505,55,gen_x,78689,6557.42,3157.69,middle,moderate,wealth_building,2024-10-21,verified,individual,True
506,21,gen_z,40166,3347.17,1333.96,lower_middle,moderate,retirement,2025-12-27,verified,individual,True
508,64,boomer,84873,7072.75,2167.09,middle,conservative,emergency_fund,2025-08-22,verified,individual,True
509,65,boomer,113050,9420.83,3440.48,upper_middle,aggressive,emergency_fund,2024-11-07,verified,individual,True
510,44,gen_x,100680,8390.0,2692.87,upper_middle,aggressive,emergency_fund,2025-06-25,pending,individual,False
511,48,gen_x,38908,3242.33,1459.35,low,aggressive,major_purchase,2025-02-28,verified,individual,True
512,33,millennial,38504,3208.67,1425.94,low,moderate,retirement,2025-05-20,verified,individual,True
513,68,boomer,86644,7220.33,2769.35,middle,aggressive,retirement,2026-03-20,pending,individual,False
514,68,boomer,44357,3696.42,1153.42,lower_middle,conservative,emergency_fund,2025-06-25,rejected,individual,False
515,19,gen_z,41363,3446.92,953.42,lower_middle,moderate,retirement,2026-03-14,verified,individual,True
516,24,gen_z,192291,16024.25,3713.82,high,moderate,major_purchase,2026-05-09,verified,individual,True
517,28,millennial,66538,5544.83,1699.32,middle,moderate,retirement,2025-03-28,verified,custodial,True
519,65,boomer,90675,7556.25,3043.26,middle,conservative,emergency_fund,2024-10-16,verified,individual,True
521,43,gen_x,20174,1681.17,371.59,low,aggressive,major_purchase,2026-09-03,rejected,individual,False
522,34,millennial,42230,3519.17,1121.13,lower_middle,moderate,emergency_fund,2025-06-05,verified,joint,True
524,61,boomer,60544,5045.33,1246.42,lower_middle,conservative,major_purchase,2026-04-03,verified,joint,True
525,69,boomer,112112,9342.67,4187.3,upper_middle,conservative,wealth_building,2026-01-02,verified,joint,True
526,32,millennial,47106,3925.5,834.46,lower_middle,conservative,retirement,2026-03-15,pending,individual,False
527,35,millennial,74689,6224.08,2027.53,middle,moderate,retirement,2026-07-30,verified,individual,True
528,32,millennial,52046,4337.17,1086.29,lower_middle,moderate,wealth_building,2025-02-19,verified,individual,True
529,18,gen_z,39555,3296.25,1528.8,low,moderate,major_purchase,2024-10-17,verified,individual,True
530,65,boomer,98919,8243.25,3026.2,middle,moderate,retirement,2025-01-17,verified,individual,True
531,67,boomer,47619,3968.25,1069.1,lower_middle,aggressive,retirement,2024-12-30,verified,individual,True
533,66,boomer,28560,2380.0,998.28,low,moderate,major_purchase,2025-11-02,verified,individual,True
534,50,gen_x,44946,3745.5,1825.69,lower_middle,aggressive,retirement,2025-03-04,verified,individual,True
535,44,gen_x,124618,10384.83,2763.76,upper_middle,conservative,wealth_building,2026-02-05,verified,joint,True
536,62,boomer,41907,3492.25,1626.88,lower_middle,conservative,retirement,2026-03-24,pending,individual,False
537,69,boomer,43490,3624.17,1740.66,lower_middle,aggressive,retirement,2025-01-28,pending,joint,False
541,62,boomer,91400,7616.67,2444.67,middle,moderate,retirement,2026-04-30,verified,individual,True
542,46,gen_x,69769,5814.08,2475.17,middle,moderate,major_purchase,2026-08-10,verified,individual,True
543,32,millennial,79211,6600.92,2372.29,middle,conservative,major_purchase,2024-12-17,pending,individual,False
544,52,gen_x,63255,5271.25,2125.53,lower_middle,moderate,retirement,2024-10-21,pending,joint,False
545,48,gen_x,92962,7746.83,2545.12,middle,conservative,emergency_fund,2025-05-09,verified,individual,True
546,36,millennial,59356,4946.33,2074.73,lower_middle,moderate,retirement,2026-01-20,verified,individual,True
547,24,gen_z,120306,10025.5,4484.82,upper_middle,conservative,emergency_fund,2026-08-05,pending,joint,False
548,45,gen_x,44997,3749.75,914.68,lower_middle,conservative,wealth_building,2025-07-08,verified,individual,True
549,41,millennial,82376,6864.67,3088.27,middle,conservative,retirement,2026-02-16,verified,individual,True
550,51,gen_x,75578,6298.17,2280.5,middle,conservative,wealth_building,2024-11-25,verified,individual,True
551,38,millennial,38624,3218.67,1459.34,low,aggressive,retirement,2026-01-30,verified,joint,True
552,68,boomer,57860,4821.67,1588.21,lower_middle,conservative,major_purchase,2025-12-16,verified,individual,True
553,56,gen_x,139194,11599.5,3638.9,upper_middle,moderate,retirement,2024-12-13,verified,individual,True
554,53,gen_x,144367,12030.58,5708.73,upper_middle,conservative,emergency_fund,2026-03-28,verified,individual,True
556,32,millennial,133767,11147.25,5052.64,upper_middle,aggressive,emergency_fund,2025-11-27,verified,individual,True
557,21,gen_z,263903,21991.92,7591.75,high,conservative,major_purchase,2024-12-26,verified,custodial,True
559,54,gen_x,28125,2343.75,685.64,low,conservative,wealth_building,2026-04-04,verified,individual,True
560,55,gen_x,113794,9482.83,3526.79,upper_middle,moderate,emergency_fund,2025-06-03,pending,individual,False
562,39,millennial,154986,12915.5,2735.26,high,aggressive,retirement,2025-06-19,verified,joint,True
563,20,gen_z,97298,8108.17,2283.26,middle,moderate,wealth_building,2025-09-22,rejected,individual,False
564,19,gen_z,21481,1790.08,361.44,low,moderate,major_purchase,2025-05-30,verified,individual,True
565,29,millennial,103731,8644.25,4265.99,upper_middle,conservative,retirement,2026-05-21,verified,individual,True
566,49,gen_x,63646,5303.83,2597.42,lower_middle,conservative,retirement,2026-05-02,verified,individual,True
567,40,millennial,297907,24825.58,7908.1,high,aggressive,emergency_fund,2024-12-15,verified,individual,True
569,66,boomer,92798,7733.17,2348.89,middle,moderate,major_purchase,2025-12-22,pending,individual,False
570,39,millennial,39477,3289.75,1320.27,low,moderate,retirement,2026-05-06,verified,individual,True
571,33,millennial,82266,6855.5,3027.59,middle,moderate,major_purchase,2026-02-10,verified,individual,True
572,47,gen_x,30758,2563.17,1240.64,low,aggressive,emergency_fund,2025-08-04,pending,individual,False
573,33,millennial,39661,3305.08,1057.84,low,moderate,wealth_building,2026-03-01,verified,individual,True
574,45,gen_x,149079,12423.25,5403.98,upper_middle,moderate,emergency_fund,2026-08-10,verified,individual,True
575,60,boomer,48566,4047.17,1132.31,lower_middle,aggressive,major_purchase,2025-04-10,verified,individual,True
576,64,boomer,51889,4324.08,2149.5,lower_middle,conservative,emergency_fund,2026-04-22,verified,joint,True
577,19,gen_z,174335,14527.92,3017.9,high,conservative,major_purchase,2025-10-15,verified,individual,True
578,61,boomer,51254,4271.17,1627.56,lower_middle,moderate,wealth_building,2025-09-06,verified,joint,True
579,32,millennial,61074,5089.5,2024.87,lower_middle,conservative,major_purchase,2025-08-04,verified,joint,True
580,31,millennial,161442,13453.5,5467.69,high,moderate,major_purchase,2026-02-27,verified,individual,True
581,34,millennial,33521,2793.42,659.57,low,aggressive,wealth_building,2025-04-09,verified,individual,True
582,67,boomer,137327,11443.92,5510.92,upper_middle,moderate,emergency_fund,2026-05-23,verified,joint,True
584,29,millennial,222827,18568.92,7182.94,high,aggressive,emergency_fund,2024-12-02,verified,individual,True
585,54,gen_x,65112,5426.0,1447.67,middle,moderate,wealth_building,2026-06-13,verified,individual,True
586,36,millennial,61515,5126.25,1497.71,lower_middle,moderate,retirement,2025-03-22,pending,individual,False
587,20,gen_z,59581,4965.08,1806.98,lower_middle,moderate,major_purchase,2025-08-24,verified,individual,True
589,22,gen_z,126500,10541.67,2615.05,upper_middle,moderate,emergency_fund,2025-06-25,verified,individual,True
590,22,gen_z,97026,8085.5,2031.73,middle,moderate,emergency_fund,2024-10-23,verified,individual,True
591,23,gen_z,56523,4710.25,1532.92,lower_middle,aggressive,retirement,2026-05-22,verified,individual,True
592,57,gen_x,21424,1785.33,762.67,low,moderate,retirement,2025-02-07,verified,individual,True
593,24,gen_z,39333,3277.75,1538.54,low,moderate,emergency_fund,2025-02-28,pending,individual,False
597,43,gen_x,131802,10983.5,2251.37,upper_middle,aggressive,retirement,2026-02-06,verified,individual,True
599,22,gen_z,95013,7917.75,3014.56,middle,moderate,emergency_fund,2024-10-10,verified,individual,True
600,24,gen_z,81402,6783.5,1688.45,middle,aggressive,major_purchase,2026-07-29,pending,joint,False
601,19,gen_z,86205,7183.75,1940.65,middle,aggressive,wealth_building,2024-12-02,verified,individual,True
602,39,millennial,126049,10504.08,2175.53,upper_middle,moderate,emergency_fund,2026-02-19,verified,custodial,True
603,25,gen_z,112253,9354.42,4214.02,upper_middle,conservative,emergency_fund,2025-09-10,verified,individual,True
604,21,gen_z,118990,9915.83,4882.63,upper_middle,moderate,wealth_building,2026-03-18,verified,individual,True
605,22,gen_z,47846,3987.17,959.46,lower_middle,moderate,major_purchase,2026-01-30,verified,individual,True
606,30,millennial,26432,2202.67,593.49,low,moderate,emergency_fund,2025-12-29,verified,joint,True
607,38,millennial,146220,12185.0,5611.47,upper_middle,moderate,major_purchase,2025-09-12,verified,individual,True
608,38,millennial,33395,2782.92,1330.06,low,moderate,retirement,2026-04-11,verified,individual,True
610,46,gen_x,38822,3235.17,696.16,low,conservative,wealth_building,2025-03-07,verified,individual,True
611,21,gen_z,80950,6745.83,1428.89,middle,moderate,wealth_building,2026-01-30,rejected,individual,False
612,50,gen_x,52502,4375.17,1628.37,lower_middle,moderate,retirement,2025-05-05,verified,joint,True
613,44,gen_x,74741,6228.42,1979.82,middle,conservative,wealth_building,2025-11-14,verified,individual,True
614,18,gen_z,254245,21187.08,4419.54,high,conservative,retirement,2025-08-30,rejected,individual,False
616,67,boomer,35166,2930.5,596.04,low,moderate,retirement,2025-07-28,verified,individual,True
617,21,gen_z,59145,4928.75,2149.98,lower_middle,conservative,wealth_building,2026-03-09,verified,individual,True
618,36,millennial,129240,10770.0,3144.08,upper_middle,aggressive,wealth_building,2025-05-22,verified,individual,True
620,44,gen_x,62077,5173.08,1947.7,lower_middle,aggressive,wealth_building,2025-04-10,verified,individual,True
621,25,gen_z,25788,2149.0,686.19,low,moderate,wealth_building,2025-03-28,verified,joint,True
622,30,millennial,132969,11080.75,5453.28,upper_middle,moderate,wealth_building,2024-12-26,verified,custodial,True
623,28,millennial,75561,6296.75,2287.35,middle,aggressive,emergency_fund,2025-02-15,verified,individual,True
624,41,millennial,116901,9741.75,2752.74,upper_middle,moderate,wealth_building,2024-12-25,verified,individual,True
626,30,millennial,41988,3499.0,984.79,lower_middle,conservative,retirement,2026-03-21,verified,individual,True
627,32,millennial,148209,12350.75,5820.57,upper_middle,moderate,wealth_building,2025-02-09,verified,individual,True
628,49,gen_x,31737,2644.75,826.26,low,conservative,emergency_fund,2025-03-03,verified,joint,True
629,19,gen_z,114256,9521.33,3474.91,upper_middle,conservative,emergency_fund,2025-09-07,verified,individual,True
630,29,millennial,87192,7266.0,1563.44,middle,conservative,retirement,2026-02-22,verified,individual,True
631,45,gen_x,128230,10685.83,3503.2,upper_middle,conservative,major_purchase,2026-08-18,verified,individual,True
632,68,boomer,27162,2263.5,1017.92,low,aggressive,major_purchase,2025-10-05,verified,individual,True
633,32,millennial,53065,4422.08,1953.21,lower_middle,conservative,emergency_fund,2025-04-19,verified,individual,True
634,39,millennial,62625,5218.75,1394.95,lower_middle,moderate,wealth_building,2024-12-12,pending,individual,False
635,21,gen_z,54114,4509.5,1207.75,lower_middle,aggressive,emergency_fund,2025-02-16,verified,individual,True
636,29,millennial,48399,4033.25,1795.57,lower_middle,moderate,emergency_fund,2025-03-11,verified,individual,True
637,39,millennial,45633,3802.75,1821.97,lower_middle,conservative,emergency_fund,2025-02-05,verified,individual,True
638,28,millennial,25755,2146.25,490.65,low,moderate,major_purchase,2024-10-12,verified,individual,True
642,27,millennial,21518,1793.17,403.57,low,aggressive,emergency_fund,2025-10-25,pending,individual,False
643,29,millennial,95949,7995.75,2105.58,middle,moderate,retirement,2026-02-03,verified,individual,True
645,25,gen_z,218136,18178.0,3915.33,high,moderate,retirement,2026-06-03,verified,individual,True
646,62,boomer,33237,2769.75,963.21,low,conservative,emergency_fund,2025-09-12,pending,individual,False
647,56,gen_x,129267,10772.25,3583.2,upper_middle,aggressive,major_purchase,2026-06-06,verified,individual,True
648,49,gen_x,176990,14749.17,4429.47,high,conservative,retirement,2025-11-09,verified,individual,True
649,52,gen_x,116193,9682.75,3082.71,upper_middle,moderate,wealth_building,2025-08-28,pending,individual,False
650,38,millennial,95109,7925.75,2845.2,middle,aggressive,retirement,2025-08-07,verified,joint,True
652,40,millennial,278133,23177.75,8612.82,high,moderate,major_purchase,2024-11-08,verified,individual,True
653,44,gen_x,99510,8292.5,3662.21,middle,moderate,emergency_fund,2026-07-24,verified,individual,True
654,49,gen_x,66306,5525.5,2365.18,middle,aggressive,wealth_building,2025-09-02,verified,individual,True
655,31,millennial,68849,5737.42,1412.38,middle,moderate,major_purchase,2026-05-02,verified,joint,True
656,22,gen_z,77360,6446.67,1577.98,middle,aggressive,emergency_fund,2025-07-10,verified,individual,True
657,32,millennial,94231,7852.58,2202.28,middle,conservative,wealth_building,2024-11-23,verified,individual,True
658,39,millennial,83689,6974.08,2150.27,middle,moderate,retirement,2025-12-18,verified,individual,True
659,51,gen_x,47619,3968.25,1279.91,lower_middle,aggressive,emergency_fund,2024-11-09,verified,individual,True
660,56,gen_x,29280,2440.0,985.54,low,conservative,major_purchase,2025-01-15,verified,individual,True
661,32,millennial,22642,1886.83,409.45,low,moderate,retirement,2025-11-01,verified,individual,True
662,66,boomer,49369,4114.08,865.61,lower_middle,conservative,wealth_building,2025-05-03,verified,joint,True
663,49,gen_x,34296,2858.0,907.62,low,moderate,wealth_building,2026-08-30,verified,individual,True
664,35,millennial,80438,6703.17,2742.59,middle,moderate,wealth_building,2024-12-25,verified,individual,True
665,21,gen_z,55674,4639.5,1197.13,lower_middle,moderate,retirement,2026-03-22,verified,individual,True
666,19,gen_z,137525,11460.42,4497.66,upper_middle,conservative,retirement,2025-12-02,verified,individual,True
667,33,millennial,22994,1916.17,532.6,low,conservative,wealth_building,2026-04-10,pending,individual,False
669,18,gen_z,134039,11169.92,5235.42,upper_middle,moderate,retirement,2025-10-04,verified,individual,True
670,37,millennial,66813,5567.75,1610.12,middle,moderate,retirement,2025-08-14,verified,individual,True
671,18,gen_z,38845,3237.08,870.77,low,aggressive,emergency_fund,2025-08-09,verified,joint,True
672,67,boomer,141243,11770.25,3806.4,upper_middle,moderate,retirement,2026-05-28,verified,individual,True
673,21,gen_z,137164,11430.33,3110.87,upper_middle,moderate,wealth_building,2026-08-28,verified,joint,True
674,28,millennial,49283,4106.92,1649.81,lower_middle,aggressive,wealth_building,2025-05-05,rejected,joint,False
675,29,millennial,53318,4443.17,1989.74,lower_middle,moderate,emergency_fund,2025-12-12,verified,individual,True
676,63,boomer,215618,17968.17,7221.9,high,aggressive,emergency_fund,2025-12-04,verified,individual,True
677,22,gen_z,66920,5576.67,2494.47,middle,moderate,retirement,2026-03-05,verified,individual,True
678,41,millennial,76683,6390.25,2039.11,middle,conservative,wealth_building,2026-07-29,verified,joint,True
679,59,boomer,111336,9278.0,2290.69,upper_middle,conservative,emergency_fund,2025-02-25,rejected,individual,False
680,66,boomer,55596,4633.0,1952.28,lower_middle,moderate,major_purchase,2025-02-27,verified,individual,True
681,66,boomer,67093,5591.08,1722.85,middle,conservative,emergency_fund,2026-01-08,verified,joint,True
683,22,gen_z,124351,10362.58,2913.89,upper_middle,moderate,retirement,2025-02-01,verified,individual,True
684,49,gen_x,95981,7998.42,1794.6,middle,moderate,wealth_building,2024-11-24,verified,individual,True
685,69,boomer,73367,6113.92,3043.35,middle,moderate,emergency_fund,2024-10-04,verified,individual,True
686,52,gen_x,45285,3773.75,931.59,lower_middle,conservative,major_purchase,2025-08-14,verified,individual,True
687,45,gen_x,50896,4241.33,2105.93,lower_middle,moderate,emergency_fund,2025-11-23,verified,individual,True
688,32,millennial,81753,6812.75,3359.94,middle,moderate,major_purchase,2025-04-25,verified,individual,True
689,56,gen_x,118485,9873.75,4326.14,upper_middle,aggressive,wealth_building,2025-03-14,verified,joint,True
690,25,gen_z,77977,6498.08,2585.11,middle,moderate,emergency_fund,2026-02-10,verified,individual,True
691,36,millennial,39874,3322.83,1240.55,low,aggressive,wealth_building,2026-02-07,verified,custodial,True
692,39,millennial,107674,8972.83,4125.98,upper_middle,moderate,major_purchase,2025-08-17,verified,custodial,True
693,36,millennial,37748,3145.67,902.28,low,moderate,emergency_fund,2026-01-27,verified,individual,True
694,38,millennial,219212,18267.67,6216.57,high,conservative,retirement,2026-07-12,verified,individual,True
696,51,gen_x,89473,7456.08,2410.98,middle,moderate,major_purchase,2025-12-15,pending,individual,False
697,27,millennial,22962,1913.5,628.1,low,moderate,wealth_building,2026-01-09,verified,individual,True
698,47,gen_x,194816,16234.67,4855.55,high,moderate,emergency_fund,2026-07-19,verified,individual,True
700,34,millennial,22424,1868.67,850.57,low,moderate,wealth_building,2025-10-19,verified,joint,True
701,37,millennial,50409,4200.75,1094.12,lower_middle,moderate,wealth_building,2025-12-30,verified,individual,True
702,21,gen_z,44017,3668.08,1761.89,lower_middle,conservative,retirement,2026-07-01,pending,individual,False
703,27,millennial,50451,4204.25,1709.98,lower_middle,aggressive,wealth_building,2026-05-05,verified,individual,True
704,18,gen_z,243863,20321.92,9083.53,high,conservative,retirement,2024-11-22,pending,custodial,False
705,25,gen_z,75278,6273.17,2301.36,middle,conservative,retirement,2025-01-27,verified,individual,True
706,64,boomer,124944,10412.0,4517.3,upper_middle,moderate,wealth_building,2025-05-06,verified,joint,True
707,30,millennial,66134,5511.17,1129.02,middle,moderate,retirement,2026-03-12,verified,individual,True
708,67,boomer,95131,7927.58,3531.85,middle,moderate,retirement,2025-11-06,verified,individual,True
710,47,gen_x,45694,3807.83,1778.16,lower_middle,moderate,wealth_building,2024-12-29,pending,individual,False
711,57,gen_x,122520,10210.0,5080.38,upper_middle,moderate,wealth_building,2026-01-28,pending,individual,False
712,47,gen_x,171869,14322.42,4128.01,high,aggressive,retirement,2026-02-05,pending,individual,False
713,38,millennial,44164,3680.33,968.28,lower_middle,aggressive,retirement,2026-07-25,verified,individual,True
714,31,millennial,58730,4894.17,2102.58,lower_middle,moderate,retirement,2025-09-18,verified,joint,True
715,27,millennial,70039,5836.58,1610.36,middle,moderate,major_purchase,2025-09-14,verified,individual,True
716,59,boomer,262935,21911.25,10071.92,high,moderate,emergency_fund,2024-11-28,verified,custodial,True
719,21,gen_z,127586,10632.17,5249.58,upper_middle,moderate,retirement,2025-05-16,verified,individual,True
720,57,gen_x,37721,3143.42,1264.13,low,aggressive,emergency_fund,2025-03-27,verified,individual,True
721,64,boomer,37568,3130.67,1421.53,low,conservative,emergency_fund,2024-12-06,verified,individual,True
722,21,gen_z,85810,7150.83,2125.93,middle,moderate,wealth_building,2026-08-08,verified,individual,True
723,20,gen_z,217087,18090.58,7289.51,high,moderate,retirement,2026-05-12,verified,individual,True
727,23,gen_z,66361,5530.08,2060.55,middle,moderate,emergency_fund,2026-01-17,verified,individual,True
728,44,gen_x,91149,7595.75,2496.87,middle,moderate,retirement,2025-04-09,verified,individual,True
729,35,millennial,69370,5780.83,1634.69,middle,conservative,retirement,2024-10-31,verified,individual,True
730,24,gen_z,70283,5856.92,2521.84,middle,moderate,major_purchase,2026-03-17,verified,individual,True
731,22,gen_z,72610,6050.83,1620.91,middle,moderate,retirement,2025-08-28,verified,individual,True
732,62,boomer,79924,6660.33,2715.46,middle,conservative,retirement,2026-01-02,verified,individual,True
734,39,millennial,134761,11230.08,4352.77,upper_middle,aggressive,retirement,2025-02-07,verified,individual,True
738,64,boomer,50103,4175.25,999.1,lower_middle,moderate,wealth_building,2024-12-05,verified,custodial,True
739,31,millennial,81986,6832.17,2608.52,middle,conservative,emergency_fund,2025-06-03,verified,individual,True
741,37,millennial,40690,3390.83,723.94,lower_middle,conservative,emergency_fund,2026-01-15,verified,joint,True
742,31,millennial,56873,4739.42,1991.72,lower_middle,conservative,retirement,2026-05-27,verified,joint,True
743,43,gen_x,30748,2562.33,774.84,low,conservative,wealth_building,2025-05-22,pending,individual,False
744,27,millennial,64170,5347.5,1837.18,lower_middle,aggressive,retirement,2026-02-01,verified,individual,True
747,30,millennial,138256,11521.33,3912.66,upper_middle,moderate,major_purchase,2026-04-26,verified,joint,True
748,31,millennial,85411,7117.58,1452.73,middle,aggressive,emergency_fund,2025-10-23,verified,individual,True
749,60,boomer,143803,11983.58,2690.07,upper_middle,conservative,wealth_building,2025-08-17,verified,individual,True
751,20,gen_z,38257,3188.08,664.26,low,conservative,wealth_building,2025-05-17,pending,individual,False
752,69,boomer,77855,6487.92,2526.48,middle,moderate,retirement,2026-08-14,verified,joint,True
754,28,millennial,85025,7085.42,2582.23,middle,moderate,retirement,2025-09-28,rejected,individual,False
755,18,gen_z,285530,23794.17,6005.51,high,moderate,wealth_building,2026-08-26,verified,individual,True
756,44,gen_x,45307,3775.58,1090.31,lower_middle,moderate,emergency_fund,2026-01-07,verified,joint,True
757,55,gen_x,48933,4077.75,1627.62,lower_middle,conservative,emergency_fund,2025-10-18,verified,individual,True
758,35,millennial,118425,9868.75,4831.65,upper_middle,moderate,retirement,2025-07-19,verified,individual,True
759,65,boomer,149831,12485.92,2686.03,upper_middle,conservative,emergency_fund,2025-02-11,verified,individual,True
760,57,gen_x,93273,7772.75,3630.77,middle,moderate,emergency_fund,2025-06-13,pending,individual,False
761,25,gen_z,45738,3811.5,1421.93,lower_middle,aggressive,wealth_building,2026-03-17,verified,individual,True
762,41,millennial,70668,5889.0,2174.08,middle,aggressive,wealth_building,2025-12-15,verified,individual,True
763,37,millennial,54427,4535.58,1587.83,lower_middle,aggressive,retirement,2026-03-19,pending,individual,False
764,44,gen_x,107697,8974.75,1981.79,upper_middle,moderate,wealth_building,2025-02-22,verified,custodial,True
765,24,gen_z,231982,19331.83,4387.61,high,moderate,retirement,2025-10-23,verified,individual,True
766,54,gen_x,140597,11716.42,4455.44,upper_middle,conservative,retirement,2026-07-15,verified,individual,True
767,48,gen_x,110751,9229.25,2789.89,upper_middle,moderate,major_purchase,2025-08-06,pending,individual,False
768,62,boomer,33450,2787.5,1324.57,low,moderate,major_purchase,2026-02-04,verified,individual,True
769,33,millennial,107352,8946.0,2880.41,upper_middle,moderate,wealth_building,2024-12-27,verified,individual,True
771,25,gen_z,28326,2360.5,978.23,low,conservative,major_purchase,2025-12-03,verified,individual,True
772,60,boomer,136412,11367.67,3273.96,upper_middle,moderate,emergency_fund,2025-03-19,pending,individual,False
774,38,millennial,94493,7874.42,3223.39,middle,conservative,emergency_fund,2025-10-24,verified,individual,True
775,49,gen_x,126711,10559.25,4963.68,upper_middle,moderate,wealth_building,2025-10-25,pending,individual,False
776,25,gen_z,73003,6083.58,2662.53,middle,aggressive,wealth_building,2024-12-07,verified,individual,True
778,47,gen_x,72296,6024.67,2433.3,middle,moderate,retirement,2026-07-04,verified,individual,True
779,43,gen_x,90398,7533.17,3644.38,middle,conservative,retirement,2025-08-22,verified,joint,True
780,49,gen_x,185842,15486.83,4471.78,high,moderate,emergency_fund,2024-12-24,verified,joint,True
781,50,gen_x,78261,6521.75,1306.53,middle,aggressive,retirement,2026-05-09,pending,individual,False
782,39,millennial,51173,4264.42,1200.8,lower_middle,moderate,retirement,2025-09-17,verified,individual,True
783,32,millennial,130449,10870.75,2884.74,upper_middle,moderate,wealth_building,2026-02-17,verified,individual,True
785,24,gen_z,96781,8065.08,3146.3,middle,conservative,emergency_fund,2025-04-12,verified,individual,True
787,57,gen_x,105103,8758.58,1794.4,upper_middle,moderate,emergency_fund,2026-08-21,verified,individual,True
788,28,millennial,90500,7541.67,3157.19,middle,moderate,retirement,2025-03-22,pending,individual,False
789,27,millennial,99800,8316.67,2470.54,middle,conservative,wealth_building,2025-10-24,verified,custodial,True
790,65,boomer,22761,1896.75,757.78,low,moderate,major_purchase,2025-06-28,verified,individual,True
791,24,gen_z,35195,2932.92,1076.3,low,aggressive,wealth_building,2026-07-11,verified,individual,True
792,52,gen_x,58452,4871.0,1475.03,lower_middle,moderate,retirement,2025-09-24,pending,individual,False
794,52,gen_x,96174,8014.5,1829.92,middle,moderate,emergency_fund,2026-05-31,verified,individual,True
795,23,gen_z,135436,11286.33,5072.7,upper_middle,moderate,wealth_building,2025-04-14,verified,individual,True
796,60,boomer,80954,6746.17,3207.93,middle,moderate,wealth_building,2026-04-09,pending,custodial,False
797,60,boomer,117186,9765.5,3856.75,upper_middle,aggressive,emergency_fund,2025-07-20,verified,individual,True
799,52,gen_x,132963,11080.25,3552.42,upper_middle,aggressive,retirement,2025-09-23,verified,joint,True
800,66,boomer,67187,5598.92,2344.16,middle,moderate,major_purchase,2026-05-01,verified,individual,True
801,57,gen_x,76707,6392.25,2773.89,middle,conservative,wealth_building,2025-04-19,verified,individual,True
802,25,gen_z,91935,7661.25,1803.96,middle,moderate,major_purchase,2025-04-30,verified,individual,True
803,43,gen_x,23606,1967.17,393.45,low,conservative,retirement,2025-11-18,verified,joint,True
804,54,gen_x,64852,5404.33,2235.45,lower_middle,aggressive,emergency_fund,2026-09-03,rejected,individual,False
805,37,millennial,276270,23022.5,7067.42,high,moderate,emergency_fund,2025-09-11,pending,joint,False
806,50,gen_x,126489,10540.75,2912.88,upper_middle,moderate,emergency_fund,2025-01-15,verified,individual,True
807,67,boomer,54387,4532.25,923.99,lower_middle,moderate,emergency_fund,2025-10-15,verified,individual,True
808,62,boomer,68927,5743.92,2079.81,middle,conservative,major_purchase,2025-06-01,verified,individual,True
809,27,millennial,106296,8858.0,4033.45,upper_middle,moderate,major_purchase,2025-10-24,verified,individual,True
810,18,gen_z,33622,2801.83,1365.3,low,moderate,emergency_fund,2025-10-18,verified,individual,True
811,61,boomer,54125,4510.42,1667.61,lower_middle,conservative,wealth_building,2025-08-18,verified,individual,True
812,63,boomer,102591,8549.25,3029.33,upper_middle,moderate,emergency_fund,2025-05-16,verified,custodial,True
815,67,boomer,66200,5516.67,1732.2,middle,moderate,retirement,2025-11-07,verified,individual,True
816,36,millennial,115721,9643.42,3685.14,upper_middle,conservative,retirement,2025-03-15,verified,individual,True
817,56,gen_x,84238,7019.83,2222.6,middle,aggressive,retirement,2026-03-30,verified,individual,True
818,38,millennial,51087,4257.25,1158.35,lower_middle,conservative,retirement,2024-11-02,pending,individual,False
819,19,gen_z,63408,5284.0,1207.34,lower_middle,conservative,wealth_building,2026-03-09,verified,individual,True
820,28,millennial,65136,5428.0,1598.41,middle,conservative,emergency_fund,2026-02-09,verified,individual,True
821,64,boomer,82413,6867.75,1572.67,middle,moderate,emergency_fund,2026-04-24,verified,individual,True
822,24,gen_z,148114,12342.83,3123.59,upper_middle,moderate,emergency_fund,2025-06-30,verified,joint,True
823,35,millennial,38978,3248.17,1611.74,low,moderate,major_purchase,2026-01-11,pending,joint,False
824,27,millennial,100661,8388.42,2795.28,upper_middle,conservative,emergency_fund,2026-05-01,verified,individual,True
825,35,millennial,22472,1872.67,673.34,low,conservative,wealth_building,2026-08-21,verified,individual,True
826,67,boomer,40086,3340.5,1543.6,lower_middle,moderate,retirement,2025-09-15,verified,individual,True
828,35,millennial,46219,3851.58,1443.63,lower_middle,aggressive,major_purchase,2025-09-20,rejected,individual,False
830,39,millennial,81322,6776.83,2020.05,middle,moderate,emergency_fund,2026-06-04,verified,individual,True
831,41,millennial,54749,4562.42,1330.96,lower_middle,aggressive,retirement,2026-06-07,verified,individual,True
832,35,millennial,71968,5997.33,1924.01,middle,moderate,major_purchase,2025-08-07,verified,individual,True
833,20,gen_z,39157,3263.08,1310.95,low,aggressive,emergency_fund,2025-10-06,verified,individual,True
835,28,millennial,243422,20285.17,5975.44,high,aggressive,wealth_building,2026-02-21,verified,custodial,True
836,39,millennial,41700,3475.0,833.87,lower_middle,moderate,emergency_fund,2025-07-17,verified,individual,True
837,64,boomer,93246,7770.5,3028.31,middle,aggressive,wealth_building,2026-01-05,pending,individual,False
839,46,gen_x,31821,2651.75,990.56,low,moderate,retirement,2025-08-28,verified,joint,True
840,48,gen_x,58031,4835.92,1973.18,lower_middle,aggressive,emergency_fund,2026-08-13,verified,individual,True
841,20,gen_z,105520,8793.33,3606.88,upper_middle,conservative,emergency_fund,2025-05-28,verified,individual,True
842,48,gen_x,85929,7160.75,3050.78,middle,moderate,major_purchase,2026-01-31,verified,joint,True
845,22,gen_z,78917,6576.42,2756.01,middle,aggressive,wealth_building,2026-05-23,verified,individual,True
846,35,millennial,104757,8729.75,3367.52,upper_middle,conservative,major_purchase,2026-05-28,verified,individual,True
847,24,gen_z,78045,6503.75,1664.91,middle,moderate,emergency_fund,2025-06-26,verified,individual,True
848,61,boomer,69733,5811.08,1207.0,middle,moderate,emergency_fund,2025-05-12,verified,individual,True
849,39,millennial,27081,2256.75,643.99,low,conservative,wealth_building,2026-02-18,verified,individual,True
850,53,gen_x,48690,4057.5,1350.78,lower_middle,moderate,emergency_fund,2026-03-19,pending,individual,False
851,18,gen_z,239037,19919.75,7671.73,high,conservative,emergency_fund,2026-06-06,pending,individual,False
853,40,millennial,249977,20831.42,5392.71,high,aggressive,retirement,2024-11-19,verified,individual,True
855,33,millennial,31171,2597.58,1270.33,low,moderate,major_purchase,2026-07-10,verified,individual,True
856,18,gen_z,33545,2795.42,649.69,low,aggressive,emergency_fund,2026-09-02,pending,individual,False
857,22,gen_z,51803,4316.92,1483.07,lower_middle,moderate,wealth_building,2026-03-10,verified,individual,True
858,41,millennial,271866,22655.5,8510.97,high,aggressive,retirement,2025-08-03,verified,individual,True
860,21,gen_z,42294,3524.5,795.87,lower_middle,aggressive,retirement,2025-12-21,verified,individual,True
861,52,gen_x,43630,3635.83,789.37,lower_middle,conservative,emergency_fund,2026-06-06,verified,individual,True
862,33,millennial,35093,2924.42,677.43,low,aggressive,retirement,2025-08-10,verified,individual,True
863,41,millennial,96870,8072.5,3032.65,middle,conservative,emergency_fund,2026-02-01,verified,individual,True
864,31,millennial,36530,3044.17,1105.96,low,moderate,retirement,2026-06-28,verified,individual,True
865,29,millennial,147221,12268.42,3313.97,upper_middle,moderate,retirement,2024-11-04,verified,individual,True
866,54,gen_x,52174,4347.83,1701.45,lower_middle,moderate,wealth_building,2026-04-14,verified,individual,True
867,22,gen_z,43453,3621.08,1615.08,lower_middle,moderate,wealth_building,2025-04-26,verified,individual,True
869,59,boomer,80534,6711.17,2345.14,middle,moderate,retirement,2025-01-13,verified,individual,True
870,59,boomer,235280,19606.67,7975.86,high,conservative,retirement,2025-10-10,pending,individual,False
871,27,millennial,84389,7032.42,1938.79,middle,conservative,emergency_fund,2025-11-03,pending,individual,False
872,29,millennial,23552,1962.67,573.75,low,conservative,wealth_building,2026-04-11,pending,joint,False
873,54,gen_x,79665,6638.75,2549.89,middle,moderate,major_purchase,2025-01-30,verified,individual,True
874,32,millennial,62702,5225.17,2452.59,lower_middle,conservative,emergency_fund,2024-11-27,verified,individual,True
875,19,gen_z,25097,2091.42,926.45,low,moderate,retirement,2026-06-05,verified,joint,True
876,20,gen_z,158640,13220.0,4956.69,high,moderate,emergency_fund,2025-12-11,pending,individual,False
877,45,gen_x,134716,11226.33,4704.58,upper_middle,conservative,major_purchase,2025-03-20,rejected,individual,False
878,50,gen_x,286690,23890.83,7392.94,high,moderate,emergency_fund,2026-07-04,pending,individual,False
879,23,gen_z,66920,5576.67,2187.67,middle,aggressive,wealth_building,2025-01-11,verified,individual,True
880,40,millennial,69188,5765.67,1959.49,middle,conservative,wealth_building,2025-08-22,pending,individual,False
882,44,gen_x,40238,3353.17,1376.55,lower_middle,moderate,major_purchase,2025-03-30,verified,individual,True
884,18,gen_z,50799,4233.25,1302.09,lower_middle,moderate,major_purchase,2026-04-20,verified,individual,True
885,45,gen_x,105552,8796.0,4164.04,upper_middle,moderate,emergency_fund,2026-06-26,verified,individual,True
886,22,gen_z,128916,10743.0,2216.07,upper_middle,moderate,retirement,2026-01-21,verified,individual,True
888,34,millennial,92964,7747.0,1681.6,middle,moderate,major_purchase,2025-08-08,verified,individual,True
889,25,gen_z,76164,6347.0,2728.94,middle,moderate,major_purchase,2025-06-02,pending,individual,False
890,28,millennial,44390,3699.17,1519.0,lower_middle,conservative,wealth_building,2025-11-18,verified,individual,True
891,48,gen_x,119071,9922.58,2970.88,upper_middle,moderate,wealth_building,2025-12-24,verified,individual,True
892,63,boomer,71160,5930.0,2388.0,middle,aggressive,wealth_building,2025-07-27,verified,individual,True
893,68,boomer,61772,5147.67,1640.98,lower_middle,moderate,emergency_fund,2025-03-27,pending,individual,False
894,35,millennial,80810,6734.17,2874.66,middle,moderate,retirement,2026-05-18,verified,individual,True
895,54,gen_x,286198,23849.83,8019.63,high,aggressive,major_purchase,2025-02-19,verified,individual,True
896,31,millennial,40816,3401.33,1100.96,lower_middle,moderate,wealth_building,2025-06-29,verified,individual,True
897,28,millennial,146182,12181.83,5852.38,upper_middle,moderate,major_purchase,2025-09-06,verified,individual,True
898,63,boomer,40192,3349.33,921.95,lower_middle,moderate,emergency_fund,2025-03-18,verified,individual,True
899,24,gen_z,136413,11367.75,2684.31,upper_middle,aggressive,wealth_building,2025-11-07,pending,individual,False
901,30,millennial,46314,3859.5,1894.23,lower_middle,moderate,emergency_fund,2026-08-29,verified,individual,True
902,24,gen_z,64826,5402.17,1692.78,lower_middle,moderate,retirement,2025-04-27,pending,joint,False
903,20,gen_z,132130,11010.83,2407.09,upper_middle,aggressive,emergency_fund,2026-08-19,pending,custodial,False
904,49,gen_x,95698,7974.83,2406.74,middle,moderate,retirement,2026-01-07,verified,individual,True
905,32,millennial,110655,9221.25,3243.85,upper_middle,conservative,emergency_fund,2025-04-13,pending,individual,False
907,69,boomer,130075,10839.58,4307.98,upper_middle,moderate,retirement,2026-01-26,verified,joint,True
908,37,millennial,109359,9113.25,4550.47,upper_middle,conservative,major_purchase,2026-03-09,verified,individual,True
909,39,millennial,279048,23254.0,7802.22,high,moderate,major_purchase,2024-11-06,verified,custodial,True
910,31,millennial,23893,1991.08,610.1,low,moderate,wealth_building,2025-12-02,verified,individual,True
912,37,millennial,79671,6639.25,1557.2,middle,conservative,emergency_fund,2026-06-28,verified,individual,True
913,49,gen_x,50738,4228.17,1966.02,lower_middle,aggressive,wealth_building,2025-04-21,verified,individual,True
914,41,millennial,90963,7580.25,2459.39,middle,moderate,emergency_fund,2026-04-16,verified,individual,True
915,47,gen_x,31186,2598.83,821.71,low,conservative,wealth_building,2025-12-02,verified,individual,True
916,38,millennial,106773,8897.75,3540.48,upper_middle,aggressive,wealth_building,2025-06-06,verified,joint,True
917,41,millennial,94894,7907.83,2630.22,middle,moderate,retirement,2025-12-23,verified,individual,True
918,67,boomer,20717,1726.42,681.02,low,conservative,wealth_building,2025-12-12,verified,individual,True
919,46,gen_x,76676,6389.67,1395.72,middle,moderate,emergency_fund,2026-01-21,verified,individual,True
920,20,gen_z,69434,5786.17,2569.73,middle,aggressive,retirement,2026-02-20,verified,individual,True
923,62,boomer,280830,23402.5,11382.27,high,conservative,wealth_building,2025-12-17,rejected,individual,False
924,47,gen_x,69994,5832.83,1431.55,middle,conservative,emergency_fund,2026-06-28,verified,individual,True
925,39,millennial,24234,2019.5,693.14,low,moderate,retirement,2025-12-30,verified,individual,True
926,23,gen_z,103764,8647.0,3290.55,upper_middle,moderate,major_purchase,2025-05-07,verified,individual,True
927,29,millennial,99872,8322.67,3117.01,middle,conservative,major_purchase,2025-08-08,pending,individual,False
928,28,millennial,49447,4120.58,1320.39,lower_middle,conservative,retirement,2025-11-13,verified,individual,True
930,39,millennial,76999,6416.58,1527.45,middle,aggressive,wealth_building,2024-12-05,verified,individual,True
931,21,gen_z,67581,5631.75,1788.21,middle,moderate,emergency_fund,2025-04-27,verified,individual,True
933,62,boomer,92374,7697.83,3235.47,middle,moderate,major_purchase,2025-02-03,verified,custodial,True
934,40,millennial,205480,17123.33,4497.43,high,conservative,wealth_building,2025-01-03,verified,joint,True
935,20,gen_z,45991,3832.58,833.85,lower_middle,aggressive,major_purchase,2025-10-16,verified,individual,True
936,39,millennial,110531,9210.92,3368.52,upper_middle,moderate,emergency_fund,2026-08-15,verified,individual,True
937,24,gen_z,125307,10442.25,3953.11,upper_middle,moderate,major_purchase,2025-10-10,verified,joint,True
938,61,boomer,95835,7986.25,3686.24,middle,aggressive,wealth_building,2026-07-05,verified,individual,True
940,52,gen_x,76312,6359.33,1930.98,middle,conservative,wealth_building,2025-04-01,pending,individual,False
941,30,millennial,71476,5956.33,2626.17,middle,moderate,retirement,2026-05-04,verified,individual,True
942,56,gen_x,124565,10380.42,3758.58,upper_middle,conservative,emergency_fund,2025-09-05,verified,custodial,True
943,44,gen_x,67382,5615.17,1256.58,middle,conservative,retirement,2026-04-21,verified,individual,True
944,60,boomer,229698,19141.5,7077.67,high,conservative,wealth_building,2026-03-10,verified,individual,True
945,27,millennial,36386,3032.17,1432.41,low,conservative,retirement,2025-05-28,verified,individual,True
946,22,gen_z,34005,2833.75,903.67,low,moderate,wealth_building,2024-12-22,verified,individual,True
947,21,gen_z,73397,6116.42,1767.02,middle,conservative,wealth_building,2026-08-08,rejected,joint,False
948,68,boomer,62335,5194.58,1262.5,lower_middle,moderate,retirement,2025-01-09,verified,individual,True
950,56,gen_x,54394,4532.83,1495.07,lower_middle,moderate,major_purchase,2026-05-28,verified,individual,True
951,53,gen_x,62010,5167.5,1956.95,lower_middle,conservative,retirement,2026-02-22,verified,joint,True
952,49,gen_x,22890,1907.5,427.63,low,moderate,wealth_building,2026-08-20,verified,individual,True
953,24,gen_z,280526,23377.17,11264.77,high,conservative,retirement,2026-08-12,verified,individual,True
955,33,millennial,108026,9002.17,3384.7,upper_middle,aggressive,wealth_building,2025-06-16,pending,individual,False
956,39,millennial,103306,8608.83,3861.33,upper_middle,moderate,retirement,2026-04-10,verified,individual,True
957,41,millennial,183665,15305.42,3429.27,high,moderate,retirement,2024-10-12,pending,individual,False
958,24,gen_z,29277,2439.75,836.96,low,moderate,retirement,2025-10-14,verified,individual,True
960,50,gen_x,79683,6640.25,2978.79,middle,aggressive,retirement,2026-01-17,verified,individual,True
961,18,gen_z,65670,5472.5,2380.76,middle,aggressive,wealth_building,2026-01-17,verified,individual,True
962,52,gen_x,88675,7389.58,2092.14,middle,moderate,retirement,2025-11-16,rejected,individual,False
963,39,millennial,117889,9824.08,4737.8,upper_middle,moderate,retirement,2026-05-02,verified,individual,True
964,36,millennial,62844,5237.0,1242.76,lower_middle,aggressive,major_purchase,2026-07-24,verified,individual,True
966,30,millennial,78006,6500.5,3193.58,middle,moderate,retirement,2025-03-15,verified,individual,True
967,46,gen_x,148536,12378.0,3133.44,upper_middle,moderate,wealth_building,2024-10-20,rejected,individual,False
971,48,gen_x,21892,1824.33,647.43,low,moderate,emergency_fund,2025-03-07,pending,individual,False
972,59,boomer,23439,1953.25,730.89,low,conservative,major_purchase,2024-11-16,verified,individual,True
973,54,gen_x,22854,1904.5,915.65,low,conservative,retirement,2026-05-03,verified,individual,True
974,34,millennial,51577,4298.08,1726.43,lower_middle,moderate,retirement,2026-07-02,verified,individual,True
975,22,gen_z,76763,6396.92,2202.99,middle,aggressive,retirement,2025-05-02,verified,individual,True
977,57,gen_x,28235,2352.92,1141.54,low,moderate,emergency_fund,2025-01-08,verified,joint,True
979,39,millennial,135386,11282.17,5581.92,upper_middle,conservative,retirement,2025-05-04,verified,joint,True
980,49,gen_x,121062,10088.5,2278.38,upper_middle,moderate,retirement,2025-09-13,verified,joint,True
981,32,millennial,135931,11327.58,5033.03,upper_middle,moderate,emergency_fund,2024-12-10,verified,individual,True
982,48,gen_x,135710,11309.17,3212.94,upper_middle,conservative,emergency_fund,2026-06-16,verified,individual,True
983,22,gen_z,21925,1827.08,437.87,low,moderate,major_purchase,2025-01-06,pending,individual,False
984,23,gen_z,42972,3581.0,1188.74,lower_middle,conservative,retirement,2025-08-17,pending,joint,False
985,54,gen_x,111705,9308.75,3660.08,upper_middle,moderate,retirement,2026-01-16,verified,individual,True
986,35,millennial,50640,4220.0,1326.29,lower_middle,aggressive,emergency_fund,2026-03-07,verified,individual,True
987,52,gen_x,93047,7753.92,1677.71,middle,aggressive,major_purchase,2026-07-28,verified,individual,True
988,35,millennial,30966,2580.5,980.17,low,moderate,emergency_fund,2025-07-23,verified,joint,True
989,41,millennial,57374,4781.17,2250.6,lower_middle,moderate,emergency_fund,2026-03-07,verified,individual,True
991,50,gen_x,80935,6744.58,1786.64,middle,conservative,retirement,2025-07-20,verified,individual,True
992,52,gen_x,65489,5457.42,1816.08,middle,aggressive,emergency_fund,2024-12-11,pending,joint,False
993,35,millennial,87260,7271.67,1559.84,middle,aggressive,major_purchase,2025-09-11,verified,individual,True
994,55,gen_x,39275,3272.92,1460.2,low,conservative,major_purchase,2025-07-16,verified,individual,True
996,25,gen_z,139178,11598.17,4365.55,upper_middle,aggressive,retirement,2024-10-25,verified,custodial,True
997,66,boomer,97821,8151.75,2493.87,middle,moderate,emergency_fund,2025-06-19,verified,individual,True
998,25,gen_z,38959,3246.58,1428.29,low,conservative,retirement,2025-08-09,verified,joint,True
999,59,boomer,116999,9749.92,3572.43,upper_middle,conservative,wealth_building,2026-07-31,verified,individual,True
1000,36,millennial,45944,3828.67,1714.4,lower_middle,moderate,major_purchase,2026-05-25,verified,individual,True
