user_id,product_id,product_name,product_type,monthly_premium,coverage_amount,trigger_reasons,priority_score,message,urgency,estimated_benefit,cost_to_user,action_required
65,accident_micro_001,Daily Accident Shield,accident_micro,29,200000,"['low_cash_reserves', 'low_cash_reserves', 'high_income_volatility', 'low_cash_reserves', 'low_cash_reserves', 'upcoming_large_bills', 'health_spending_spike']",0.5995085682814718,"⚠️ URGENT: there, accidents happen when least expected. Daily Accident Shield gives BDT 200,000 coverage for just BDT 29/mo. Peace of mind for you and your family.",critical,20000.0,348,Get accident quote in 30 seconds
85,accident_micro_001,Daily Accident Shield,accident_micro,29,200000,"['low_cash_reserves', 'low_cash_reserves', 'high_income_volatility', 'low_cash_reserves', 'low_cash_reserves', 'upcoming_large_bills', 'health_spending_spike']",0.5995195326543833,"⚠️ URGENT: there, accidents happen when least expected. Daily Accident Shield gives BDT 200,000 coverage for just BDT 29/mo. Peace of mind for you and your family.",critical,20000.0,348,Get accident quote in 30 seconds
99,health_micro_001,Health Micro-Cover,health_micro,49,50000,"['low_cash_reserves', 'low_cash_reserves', 'high_income_volatility', 'low_cash_reserves', 'low_cash_reserves', 'upcoming_large_bills', 'health_spending_spike']",0.8994781613173763,"⚠️ URGENT: Hi there, your recent health spending is 0% of income. Health Micro-Cover (BDT 49/mo) covers doctor visits & meds up to BDT 50,000/yr. Protect your savings from medical shocks.",critical,5000.0,588,Tap to view health cover details
99,accident_micro_001,Daily Accident Shield,accident_micro,29,200000,"['low_cash_reserves', 'low_cash_reserves', 'high_income_volatility', 'low_cash_reserves', 'low_cash_reserves', 'upcoming_large_bills', 'health_spending_spike']",0.5996911566980392,"⚠️ URGENT: there, accidents happen when least expected. Daily Accident Shield gives BDT 200,000 coverage for just BDT 29/mo. Peace of mind for you and your family.",critical,20000.0,348,Get accident quote in 30 seconds
219,health_micro_001,Health Micro-Cover,health_micro,49,50000,"['low_cash_reserves', 'low_cash_reserves', 'high_income_volatility', 'low_cash_reserves', 'low_cash_reserves', 'upcoming_large_bills', 'health_spending_spike']",0.8995361807418458,"⚠️ URGENT: Hi there, your recent health spending is 0% of income. Health Micro-Cover (BDT 49/mo) covers doctor visits & meds up to BDT 50,000/yr. Protect your savings from medical shocks.",critical,5000.0,588,Tap to view health cover details
219,accident_micro_001,Daily Accident Shield,accident_micro,29,200000,"['low_cash_reserves', 'low_cash_reserves', 'high_income_volatility', 'low_cash_reserves', 'low_cash_reserves', 'upcoming_large_bills', 'health_spending_spike']",0.5997254947247659,"⚠️ URGENT: there, accidents happen when least expected. Daily Accident Shield gives BDT 200,000 coverage for just BDT 29/mo. Peace of mind for you and your family.",critical,20000.0,348,Get accident quote in 30 seconds
222,accident_micro_001,Daily Accident Shield,accident_micro,29,200000,"['low_cash_reserves', 'low_cash_reserves', 'high_income_volatility', 'low_cash_reserves', 'low_cash_reserves', 'upcoming_large_bills', 'health_spending_spike']",0.5995080401507094,"⚠️ URGENT: there, accidents happen when least expected. Daily Accident Shield gives BDT 200,000 coverage for just BDT 29/mo. Peace of mind for you and your family.",critical,20000.0,348,Get accident quote in 30 seconds
237,accident_micro_001,Daily Accident Shield,accident_micro,29,200000,"['low_cash_reserves', 'low_cash_reserves', 'high_income_volatility', 'low_cash_reserves', 'low_cash_reserves', 'upcoming_large_bills', 'health_spending_spike']",0.5994380389497143,"⚠️ URGENT: there, accidents happen when least expected. Daily Accident Shield gives BDT 200,000 coverage for just BDT 29/mo. Peace of mind for you and your family.",critical,20000.0,348,Get accident quote in 30 seconds
244,accident_micro_001,Daily Accident Shield,accident_micro,29,200000,"['low_cash_reserves', 'low_cash_reserves', 'high_income_volatility', 'low_cash_reserves', 'low_cash_reserves', 'upcoming_large_bills', 'health_spending_spike']",0.5995978993708513,"⚠️ URGENT: there, accidents happen when least expected. Daily Accident Shield gives BDT 200,000 coverage for just BDT 29/mo. Peace of mind for you and your family.",critical,20000.0,348,Get accident quote in 30 seconds
394,accident_micro_001,Daily Accident Shield,accident_micro,29,200000,"['low_cash_reserves', 'low_cash_reserves', 'high_income_volatility', 'low_cash_reserves', 'low_cash_reserves', 'upcoming_large_bills', 'health_spending_spike']",0.5994785227809122,"⚠️ URGENT: there, accidents happen when least expected. Daily Accident Shield gives BDT 200,000 coverage for just BDT 29/mo. Peace of mind for you and your family.",critical,20000.0,348,Get accident quote in 30 seconds
401,health_micro_001,Health Micro-Cover,health_micro,49,50000,"['low_cash_reserves', 'low_cash_reserves', 'high_income_volatility', 'low_cash_reserves', 'low_cash_reserves', 'upcoming_large_bills', 'health_spending_spike']",0.8995935675849414,"⚠️ URGENT: Hi there, your recent health spending is 0% of income. Health Micro-Cover (BDT 49/mo) covers doctor visits & meds up to BDT 50,000/yr. Protect your savings from medical shocks.",critical,5000.0,588,Tap to view health cover details
401,device_micro_001,Phone & Laptop Protection,device_protection,39,30000,"['low_cash_reserves', 'low_cash_reserves', 'high_income_volatility', 'low_cash_reserves', 'low_cash_reserves', 'upcoming_large_bills', 'health_spending_spike']",0.7496765129757696,"⚠️ URGENT: Your phone/laptop is essential for work. Device Protection (BDT 39/mo) covers screen cracks, water damage, theft up to BDT 30,000. Cheaper than a repair bill.",critical,3000.0,468,Protect your device now
401,accident_micro_001,Daily Accident Shield,accident_micro,29,200000,"['low_cash_reserves', 'low_cash_reserves', 'high_income_volatility', 'low_cash_reserves', 'low_cash_reserves', 'upcoming_large_bills', 'health_spending_spike']",0.5997594583665979,"⚠️ URGENT: there, accidents happen when least expected. Daily Accident Shield gives BDT 200,000 coverage for just BDT 29/mo. Peace of mind for you and your family.",critical,20000.0,348,Get accident quote in 30 seconds
407,health_micro_001,Health Micro-Cover,health_micro,49,50000,"['low_cash_reserves', 'low_cash_reserves', 'high_income_volatility', 'low_cash_reserves', 'low_cash_reserves', 'upcoming_large_bills', 'health_spending_spike']",0.899601276241516,"⚠️ URGENT: Hi there, your recent health spending is 0% of income. Health Micro-Cover (BDT 49/mo) covers doctor visits & meds up to BDT 50,000/yr. Protect your savings from medical shocks.",critical,5000.0,588,Tap to view health cover details
407,device_micro_001,Phone & Laptop Protection,device_protection,39,30000,"['low_cash_reserves', 'low_cash_reserves', 'high_income_volatility', 'low_cash_reserves', 'low_cash_reserves', 'upcoming_large_bills', 'health_spending_spike']",0.7496826484371248,"⚠️ URGENT: Your phone/laptop is essential for work. Device Protection (BDT 39/mo) covers screen cracks, water damage, theft up to BDT 30,000. Cheaper than a repair bill.",critical,3000.0,468,Protect your device now
407,accident_micro_001,Daily Accident Shield,accident_micro,29,200000,"['low_cash_reserves', 'low_cash_reserves', 'high_income_volatility', 'low_cash_reserves', 'low_cash_reserves', 'upcoming_large_bills', 'health_spending_spike']",0.5997640206327339,"⚠️ URGENT: there, accidents happen when least expected. Daily Accident Shield gives BDT 200,000 coverage for just BDT 29/mo. Peace of mind for you and your family.",critical,20000.0,348,Get accident quote in 30 seconds
427,health_micro_001,Health Micro-Cover,health_micro,49,50000,"['low_cash_reserves', 'low_cash_reserves', 'high_income_volatility', 'low_cash_reserves', 'low_cash_reserves', 'upcoming_large_bills', 'health_spending_spike']",0.8996050310977557,"⚠️ URGENT: Hi there, your recent health spending is 0% of income. Health Micro-Cover (BDT 49/mo) covers doctor visits & meds up to BDT 50,000/yr. Protect your savings from medical shocks.",critical,5000.0,588,Tap to view health cover details
427,device_micro_001,Phone & Laptop Protection,device_protection,39,30000,"['low_cash_reserves', 'low_cash_reserves', 'high_income_volatility', 'low_cash_reserves', 'low_cash_reserves', 'upcoming_large_bills', 'health_spending_spike']",0.7496856369961729,"⚠️ URGENT: Your phone/laptop is essential for work. Device Protection (BDT 39/mo) covers screen cracks, water damage, theft up to BDT 30,000. Cheaper than a repair bill.",critical,3000.0,468,Protect your device now
427,accident_micro_001,Daily Accident Shield,accident_micro,29,200000,"['low_cash_reserves', 'low_cash_reserves', 'high_income_volatility', 'low_cash_reserves', 'low_cash_reserves', 'upcoming_large_bills', 'health_spending_spike']",0.59976624289459,"⚠️ URGENT: there, accidents happen when least expected. Daily Accident Shield gives BDT 200,000 coverage for just BDT 29/mo. Peace of mind for you and your family.",critical,20000.0,348,Get accident quote in 30 seconds
540,accident_micro_001,Daily Accident Shield,accident_micro,29,200000,"['low_cash_reserves', 'low_cash_reserves', 'high_income_volatility', 'low_cash_reserves', 'low_cash_reserves', 'upcoming_large_bills', 'health_spending_spike']",0.5995161053488713,"⚠️ URGENT: there, accidents happen when least expected. Daily Accident Shield gives BDT 200,000 coverage for just BDT 29/mo. Peace of mind for you and your family.",critical,20000.0,348,Get accident quote in 30 seconds
568,health_micro_001,Health Micro-Cover,health_micro,49,50000,"['low_cash_reserves', 'low_cash_reserves', 'high_income_volatility', 'low_cash_reserves', 'low_cash_reserves', 'upcoming_large_bills', 'health_spending_spike']",0.8995729149643188,"⚠️ URGENT: Hi there, your recent health spending is 0% of income. Health Micro-Cover (BDT 49/mo) covers doctor visits & meds up to BDT 50,000/yr. Protect your savings from medical shocks.",critical,5000.0,588,Tap to view health cover details
568,device_micro_001,Phone & Laptop Protection,device_protection,39,30000,"['low_cash_reserves', 'low_cash_reserves', 'high_income_volatility', 'low_cash_reserves', 'low_cash_reserves', 'upcoming_large_bills', 'health_spending_spike']",0.7496600751756823,"⚠️ URGENT: Your phone/laptop is essential for work. Device Protection (BDT 39/mo) covers screen cracks, water damage, theft up to BDT 30,000. Cheaper than a repair bill.",critical,3000.0,468,Protect your device now
568,accident_micro_001,Daily Accident Shield,accident_micro,29,200000,"['low_cash_reserves', 'low_cash_reserves', 'high_income_volatility', 'low_cash_reserves', 'low_cash_reserves', 'upcoming_large_bills', 'health_spending_spike']",0.5997472353870459,"⚠️ URGENT: there, accidents happen when least expected. Daily Accident Shield gives BDT 200,000 coverage for just BDT 29/mo. Peace of mind for you and your family.",critical,20000.0,348,Get accident quote in 30 seconds
583,health_micro_001,Health Micro-Cover,health_micro,49,50000,"['low_cash_reserves', 'low_cash_reserves', 'high_income_volatility', 'low_cash_reserves', 'low_cash_reserves', 'upcoming_large_bills', 'health_spending_spike']",0.8996044013179088,"⚠️ URGENT: Hi there, your recent health spending is 0% of income. Health Micro-Cover (BDT 49/mo) covers doctor visits & meds up to BDT 50,000/yr. Protect your savings from medical shocks.",critical,5000.0,588,Tap to view health cover details
583,device_micro_001,Phone & Laptop Protection,device_protection,39,30000,"['low_cash_reserves', 'low_cash_reserves', 'high_income_volatility', 'low_cash_reserves', 'low_cash_reserves', 'upcoming_large_bills', 'health_spending_spike']",0.7496851357428254,"⚠️ URGENT: Your phone/laptop is essential for work. Device Protection (BDT 39/mo) covers screen cracks, water damage, theft up to BDT 30,000. Cheaper than a repair bill.",critical,3000.0,468,Protect your device now
583,accident_micro_001,Daily Accident Shield,accident_micro,29,200000,"['low_cash_reserves', 'low_cash_reserves', 'high_income_volatility', 'low_cash_reserves', 'low_cash_reserves', 'upcoming_large_bills', 'health_spending_spike']",0.599765870167742,"⚠️ URGENT: there, accidents happen when least expected. Daily Accident Shield gives BDT 200,000 coverage for just BDT 29/mo. Peace of mind for you and your family.",critical,20000.0,348,Get accident quote in 30 seconds
588,accident_micro_001,Daily Accident Shield,accident_micro,29,200000,"['low_cash_reserves', 'low_cash_reserves', 'high_income_volatility', 'low_cash_reserves', 'low_cash_reserves', 'upcoming_large_bills', 'health_spending_spike']",0.5995319183278186,"⚠️ URGENT: there, accidents happen when least expected. Daily Accident Shield gives BDT 200,000 coverage for just BDT 29/mo. Peace of mind for you and your family.",critical,20000.0,348,Get accident quote in 30 seconds
596,accident_micro_001,Daily Accident Shield,accident_micro,29,200000,"['low_cash_reserves', 'low_cash_reserves', 'high_income_volatility', 'low_cash_reserves', 'low_cash_reserves', 'upcoming_large_bills', 'health_spending_spike']",0.5995387277794038,"⚠️ URGENT: there, accidents happen when least expected. Daily Accident Shield gives BDT 200,000 coverage for just BDT 29/mo. Peace of mind for you and your family.",critical,20000.0,348,Get accident quote in 30 seconds
625,health_micro_001,Health Micro-Cover,health_micro,49,50000,"['low_cash_reserves', 'low_cash_reserves', 'high_income_volatility', 'low_cash_reserves', 'low_cash_reserves', 'upcoming_large_bills', 'health_spending_spike']",0.8995210868396619,"⚠️ URGENT: Hi there, your recent health spending is 0% of income. Health Micro-Cover (BDT 49/mo) covers doctor visits & meds up to BDT 50,000/yr. Protect your savings from medical shocks.",critical,5000.0,588,Tap to view health cover details
625,accident_micro_001,Daily Accident Shield,accident_micro,29,200000,"['low_cash_reserves', 'low_cash_reserves', 'high_income_volatility', 'low_cash_reserves', 'low_cash_reserves', 'upcoming_large_bills', 'health_spending_spike']",0.5997165615989836,"⚠️ URGENT: there, accidents happen when least expected. Daily Accident Shield gives BDT 200,000 coverage for just BDT 29/mo. Peace of mind for you and your family.",critical,20000.0,348,Get accident quote in 30 seconds
640,accident_micro_001,Daily Accident Shield,accident_micro,29,200000,"['low_cash_reserves', 'low_cash_reserves', 'high_income_volatility', 'low_cash_reserves', 'low_cash_reserves', 'upcoming_large_bills', 'health_spending_spike']",0.5994327306585606,"⚠️ URGENT: there, accidents happen when least expected. Daily Accident Shield gives BDT 200,000 coverage for just BDT 29/mo. Peace of mind for you and your family.",critical,20000.0,348,Get accident quote in 30 seconds
798,accident_micro_001,Daily Accident Shield,accident_micro,29,200000,"['low_cash_reserves', 'low_cash_reserves', 'high_income_volatility', 'low_cash_reserves', 'low_cash_reserves', 'upcoming_large_bills', 'health_spending_spike']",0.5995713125301652,"⚠️ URGENT: there, accidents happen when least expected. Daily Accident Shield gives BDT 200,000 coverage for just BDT 29/mo. Peace of mind for you and your family.",critical,20000.0,348,Get accident quote in 30 seconds
834,accident_micro_001,Daily Accident Shield,accident_micro,29,200000,"['low_cash_reserves', 'low_cash_reserves', 'high_income_volatility', 'low_cash_reserves', 'low_cash_reserves', 'upcoming_large_bills', 'health_spending_spike']",0.5995244732311225,"⚠️ URGENT: there, accidents happen when least expected. Daily Accident Shield gives BDT 200,000 coverage for just BDT 29/mo. Peace of mind for you and your family.",critical,20000.0,348,Get accident quote in 30 seconds
883,accident_micro_001,Daily Accident Shield,accident_micro,29,200000,"['low_cash_reserves', 'low_cash_reserves', 'high_income_volatility', 'low_cash_reserves', 'low_cash_reserves', 'upcoming_large_bills', 'health_spending_spike']",0.5994765815359625,"⚠️ URGENT: there, accidents happen when least expected. Daily Accident Shield gives BDT 200,000 coverage for just BDT 29/mo. Peace of mind for you and your family.",critical,20000.0,348,Get accident quote in 30 seconds
922,health_micro_001,Health Micro-Cover,health_micro,49,50000,"['low_cash_reserves', 'low_cash_reserves', 'high_income_volatility', 'low_cash_reserves', 'low_cash_reserves', 'upcoming_large_bills', 'health_spending_spike']",0.899562330598495,"⚠️ URGENT: Hi there, your recent health spending is 0% of income. Health Micro-Cover (BDT 49/mo) covers doctor visits & meds up to BDT 50,000/yr. Protect your savings from medical shocks.",critical,5000.0,588,Tap to view health cover details
922,device_micro_001,Phone & Laptop Protection,device_protection,39,30000,"['low_cash_reserves', 'low_cash_reserves', 'high_income_volatility', 'low_cash_reserves', 'low_cash_reserves', 'upcoming_large_bills', 'health_spending_spike']",0.7496516508845164,"⚠️ URGENT: Your phone/laptop is essential for work. Device Protection (BDT 39/mo) covers screen cracks, water damage, theft up to BDT 30,000. Cheaper than a repair bill.",critical,3000.0,468,Protect your device now
922,accident_micro_001,Daily Accident Shield,accident_micro,29,200000,"['low_cash_reserves', 'low_cash_reserves', 'high_income_volatility', 'low_cash_reserves', 'low_cash_reserves', 'upcoming_large_bills', 'health_spending_spike']",0.5997409711705379,"⚠️ URGENT: there, accidents happen when least expected. Daily Accident Shield gives BDT 200,000 coverage for just BDT 29/mo. Peace of mind for you and your family.",critical,20000.0,348,Get accident quote in 30 seconds
959,accident_micro_001,Daily Accident Shield,accident_micro,29,200000,"['low_cash_reserves', 'low_cash_reserves', 'high_income_volatility', 'low_cash_reserves', 'low_cash_reserves', 'upcoming_large_bills', 'health_spending_spike']",0.5995106827241474,"⚠️ URGENT: there, accidents happen when least expected. Daily Accident Shield gives BDT 200,000 coverage for just BDT 29/mo. Peace of mind for you and your family.",critical,20000.0,348,Get accident quote in 30 seconds
965,accident_micro_001,Daily Accident Shield,accident_micro,29,200000,"['low_cash_reserves', 'low_cash_reserves', 'high_income_volatility', 'low_cash_reserves', 'low_cash_reserves', 'upcoming_large_bills', 'health_spending_spike']",0.5995184556040976,"⚠️ URGENT: there, accidents happen when least expected. Daily Accident Shield gives BDT 200,000 coverage for just BDT 29/mo. Peace of mind for you and your family.",critical,20000.0,348,Get accident quote in 30 seconds
968,health_micro_001,Health Micro-Cover,health_micro,49,50000,"['low_cash_reserves', 'low_cash_reserves', 'high_income_volatility', 'low_cash_reserves', 'low_cash_reserves', 'upcoming_large_bills', 'health_spending_spike']",0.8995141840895289,"⚠️ URGENT: Hi there, your recent health spending is 0% of income. Health Micro-Cover (BDT 49/mo) covers doctor visits & meds up to BDT 50,000/yr. Protect your savings from medical shocks.",critical,5000.0,588,Tap to view health cover details
968,device_micro_001,Phone & Laptop Protection,device_protection,39,30000,"['low_cash_reserves', 'low_cash_reserves', 'high_income_volatility', 'low_cash_reserves', 'low_cash_reserves', 'upcoming_large_bills', 'health_spending_spike']",0.7496133301937067,"⚠️ URGENT: Your phone/laptop is essential for work. Device Protection (BDT 39/mo) covers screen cracks, water damage, theft up to BDT 30,000. Cheaper than a repair bill.",critical,3000.0,468,Protect your device now
968,accident_micro_001,Daily Accident Shield,accident_micro,29,200000,"['low_cash_reserves', 'low_cash_reserves', 'high_income_volatility', 'low_cash_reserves', 'low_cash_reserves', 'upcoming_large_bills', 'health_spending_spike']",0.5997124762978845,"⚠️ URGENT: there, accidents happen when least expected. Daily Accident Shield gives BDT 200,000 coverage for just BDT 29/mo. Peace of mind for you and your family.",critical,20000.0,348,Get accident quote in 30 seconds
970,health_micro_001,Health Micro-Cover,health_micro,49,50000,"['low_cash_reserves', 'low_cash_reserves', 'high_income_volatility', 'low_cash_reserves', 'low_cash_reserves', 'upcoming_large_bills', 'health_spending_spike']",0.8996049780823299,"⚠️ URGENT: Hi there, your recent health spending is 0% of income. Health Micro-Cover (BDT 49/mo) covers doctor visits & meds up to BDT 50,000/yr. Protect your savings from medical shocks.",critical,5000.0,588,Tap to view health cover details
970,device_micro_001,Phone & Laptop Protection,device_protection,39,30000,"['low_cash_reserves', 'low_cash_reserves', 'high_income_volatility', 'low_cash_reserves', 'low_cash_reserves', 'upcoming_large_bills', 'health_spending_spike']",0.7496855948002217,"⚠️ URGENT: Your phone/laptop is essential for work. Device Protection (BDT 39/mo) covers screen cracks, water damage, theft up to BDT 30,000. Cheaper than a repair bill.",critical,3000.0,468,Protect your device now
970,accident_micro_001,Daily Accident Shield,accident_micro,29,200000,"['low_cash_reserves', 'low_cash_reserves', 'high_income_volatility', 'low_cash_reserves', 'low_cash_reserves', 'upcoming_large_bills', 'health_spending_spike']",0.5997662115181136,"⚠️ URGENT: there, accidents happen when least expected. Daily Accident Shield gives BDT 200,000 coverage for just BDT 29/mo. Peace of mind for you and your family.",critical,20000.0,348,Get accident quote in 30 seconds
978,accident_micro_001,Daily Accident Shield,accident_micro,29,200000,"['low_cash_reserves', 'low_cash_reserves', 'high_income_volatility', 'low_cash_reserves', 'low_cash_reserves', 'upcoming_large_bills', 'health_spending_spike']",0.5995905785055127,"⚠️ URGENT: there, accidents happen when least expected. Daily Accident Shield gives BDT 200,000 coverage for just BDT 29/mo. Peace of mind for you and your family.",critical,20000.0,348,Get accident quote in 30 seconds
